team,season,qb_attempts,qb_completions,qb_passing_yards,qb_passing_tds,qb_interceptions,qb_carries,qb_rushing_yards,qb_rushing_tds,wr1_targets,wr1_receptions,wr1_receiving_yards,wr1_receiving_tds,wr2_targets,wr2_receptions,wr2_receiving_yards,wr2_receiving_tds,wr3_targets,wr3_receptions,wr3_receiving_yards,wr3_receiving_tds,rb1_carries,rb1_rushing_yards,rb1_rushing_tds,rb1_targets,rb1_receptions,rb1_receiving_yards,rb1_receiving_tds,rb2_carries,rb2_rushing_yards,rb2_rushing_tds,rb2_targets,rb2_receptions,rb2_receiving_yards,rb2_receiving_tds,te1_targets,te1_receptions,te1_receiving_yards,te1_receiving_tds,te2_targets,te2_receptions,te2_receiving_yards,te2_receiving_tds,team_passing_yards,team_passing_tds,team_rushing_yards,team_rushing_tds,team_def_sacks,team_def_interceptions,edge1_sacks,edge1_tackles,edge1_pass_defended,edge2_sacks,edge2_tackles,edge2_pass_defended,dt1_tackles,dt1_sacks,dt1_pass_defended,dt2_tackles,dt2_sacks,dt2_pass_defended,lb1_tackles,lb1_sacks,lb1_interceptions,lb1_pass_defended,lb2_tackles,lb2_sacks,lb2_interceptions,lb2_pass_defended,cb1_interceptions,cb1_pass_defended,cb1_tackles,cb2_interceptions,cb2_pass_defended,cb2_tackles,s1_tackles,s1_interceptions,s1_pass_defended,k_fg_made,k_fg_att,k_fg_pct,k_pat_made,k_pat_att,p_punt_attempts,p_punt_yards,p_punt_inside_20,p_punt_net_yards,rs1_kr_att,rs1_kr_yds,rs1_pr_att,rs1_pr_yds,ol_sacks_allowed,ol_qb_hits_allowed,ol_rush_yards_per_carry,ot1_snap_share,ot1_games,ot2_snap_share,ot2_games,og1_snap_share,og1_games,og2_snap_share,og2_games,c1_snap_share,c1_games,ls_primary_snap_share,ls_roster_churn
Arizona Cardinals,2015,537.0,342.0,4671.0,35.0,11.0,25.0,24.0,1.0,145.0,109.0,1215.0,9.0,101.0,65.0,1003.0,7.0,89.0,52.0,849.0,6.0,196.0,814.0,3.0,13.0,6.0,58.0,0.0,125.0,581.0,8.0,57.0,36.0,457.0,4.0,32.0,18.0,223.0,1.0,28.0,21.0,311.0,3.0,4775.0,35.0,1917.0,16.0,35.0,19.0,8.0,8.0,0.0,5.0,45.0,3.0,2.0,0.0,0.0,2.0,0.0,0.0,65.0,0.5,0.0,2.0,20.0,4.0,0.0,0.0,2.0,9.0,41.0,2.0,8.0,35.0,74.0,5.0,17.0,28.0,31.0,0.903,53.0,58.0,60.0,2575.0,22.0,2160.0,0.0,0.0,0.0,0.0,27.0,107.0,4.24,0.996,14,0.966,16,1.0,1,0.999,10,0.961,15,0.329,1
Atlanta Falcons,2015,614.0,407.0,4591.0,21.0,16.0,36.0,63.0,0.0,203.0,136.0,1871.0,8.0,70.0,43.0,506.0,1.0,46.0,26.0,327.0,3.0,265.0,1056.0,11.0,97.0,73.0,578.0,3.0,87.0,392.0,1.0,11.0,2.0,14.0,0.0,81.0,59.0,657.0,1.0,12.0,7.0,44.0,0.0,4602.0,21.0,1606.0,13.0,19.0,15.0,4.0,17.0,3.0,3.0,13.0,0.0,19.0,1.5,2.0,17.0,1.0,1.0,60.0,0.0,2.0,4.0,32.0,1.0,0.0,2.0,2.0,15.0,42.0,1.0,11.0,33.0,56.0,3.0,5.0,14.0,18.0,0.778,34.0,34.0,58.0,2735.0,24.0,2383.0,0.0,0.0,0.0,0.0,32.0,75.0,3.82,0.991,16,0.989,16,1.0,16,0.989,16,0.958,14,0.303,1
Baltimore Ravens,2015,413.0,266.0,2791.0,14.0,12.0,13.0,23.0,3.0,127.0,75.0,944.0,5.0,73.0,46.0,670.0,3.0,53.0,19.0,346.0,1.0,151.0,641.0,2.0,41.0,31.0,153.0,0.0,137.0,514.0,1.0,62.0,45.0,353.0,2.0,48.0,32.0,268.0,1.0,47.0,33.0,412.0,4.0,4449.0,21.0,1478.0,8.0,37.0,6.0,6.0,28.0,1.0,5.5,20.0,1.0,26.0,4.5,1.0,17.0,4.0,0.0,74.0,4.0,0.0,7.0,19.0,1.0,0.0,1.0,3.0,10.0,48.0,0.0,3.0,21.0,49.0,1.0,6.0,33.0,40.0,0.825,29.0,29.0,74.0,3387.0,29.0,3111.0,0.0,0.0,0.0,0.0,24.0,94.0,3.86,0.995,16,0.747,6,0.998,16,0.976,14,0.956,9,0.319,1
Buffalo Bills,2015,380.0,242.0,3035.0,20.0,6.0,104.0,568.0,4.0,96.0,60.0,1047.0,9.0,80.0,47.0,552.0,3.0,59.0,36.0,450.0,2.0,203.0,895.0,3.0,50.0,32.0,292.0,2.0,93.0,517.0,7.0,14.0,11.0,96.0,2.0,77.0,51.0,528.0,3.0,20.0,12.0,150.0,0.0,3600.0,23.0,2432.0,19.0,21.0,17.0,5.0,11.0,0.0,5.0,29.0,4.0,28.0,2.0,0.0,19.0,0.0,1.0,55.0,0.0,2.0,4.0,3.0,0.0,0.0,0.0,2.0,21.0,56.0,3.0,18.0,34.0,86.0,2.0,4.0,23.0,27.0,0.852,34.0,40.0,82.0,3797.0,22.0,3384.0,0.0,0.0,0.0,0.0,42.0,75.0,4.78,0.986,16,0.907,10,1.0,16,0.825,12,1.0,16,0.331,1
Carolina Panthers,2015,495.0,296.0,3837.0,35.0,10.0,132.0,636.0,10.0,96.0,44.0,739.0,10.0,63.0,31.0,473.0,5.0,54.0,39.0,485.0,3.0,242.0,989.0,6.0,21.0,16.0,99.0,1.0,45.0,183.0,1.0,5.0,5.0,58.0,0.0,124.0,77.0,1104.0,7.0,26.0,17.0,121.0,2.0,3873.0,35.0,2282.0,19.0,44.0,24.0,5.5,68.0,7.0,5.0,13.0,2.0,35.0,11.0,4.0,15.0,6.0,0.0,72.0,1.0,4.0,10.0,9.0,0.0,0.0,0.0,4.0,19.0,48.0,0.0,9.0,44.0,50.0,7.0,9.0,30.0,36.0,0.833,56.0,59.0,70.0,3175.0,20.0,2787.0,0.0,0.0,0.0,0.0,33.0,110.0,4.34,1.0,16,0.983,16,0.974,16,0.926,13,0.973,15,0.353,1
Chicago Bears,2015,483.0,311.0,3659.0,21.0,11.0,38.0,201.0,1.0,94.0,54.0,807.0,4.0,51.0,28.0,464.0,1.0,50.0,37.0,238.0,1.0,218.0,898.0,4.0,58.0,44.0,389.0,3.0,148.0,537.0,6.0,42.0,22.0,279.0,1.0,80.0,53.0,439.0,3.0,46.0,34.0,439.0,5.0,3843.0,21.0,1854.0,13.0,35.0,8.0,6.5,21.0,2.0,0.0,4.0,1.0,22.0,4.0,1.0,16.0,4.5,0.0,36.0,6.0,1.0,3.0,34.0,8.0,0.0,0.0,1.0,12.0,33.0,2.0,9.0,46.0,53.0,0.0,2.0,33.0,39.0,0.846,28.0,29.0,73.0,3233.0,29.0,2927.0,0.0,0.0,0.0,0.0,34.0,93.0,3.96,0.998,13,0.844,16,1.0,3,1.0,3,1.0,13,0.318,2
Cincinnati Bengals,2015,386.0,255.0,3250.0,25.0,7.0,57.0,142.0,3.0,132.0,86.0,1297.0,10.0,103.0,65.0,816.0,4.0,49.0,33.0,394.0,0.0,223.0,794.0,11.0,19.0,15.0,79.0,1.0,154.0,730.0,2.0,66.0,49.0,472.0,0.0,74.0,52.0,615.0,13.0,15.0,11.0,129.0,1.0,4104.0,31.0,1805.0,18.0,42.0,21.0,13.5,37.0,1.0,5.0,26.0,2.0,30.0,11.0,0.0,17.0,5.0,1.0,16.0,1.0,0.0,0.0,7.0,0.0,0.0,0.0,0.0,16.0,62.0,0.0,1.0,17.0,47.0,8.0,14.0,23.0,28.0,0.821,48.0,49.0,68.0,3116.0,22.0,2793.0,0.0,0.0,0.0,0.0,32.0,110.0,3.87,0.966,16,0.961,14,0.996,16,0.986,16,1.0,16,0.335,1
Cleveland Browns,2015,292.0,186.0,2109.0,12.0,4.0,20.0,98.0,1.0,125.0,68.0,966.0,5.0,77.0,46.0,523.0,2.0,48.0,28.0,241.0,0.0,185.0,706.0,4.0,22.0,19.0,182.0,1.0,104.0,379.0,0.0,74.0,61.0,534.0,2.0,125.0,79.0,1043.0,9.0,16.0,6.0,61.0,0.0,4156.0,20.0,1529.0,5.0,29.0,11.0,6.0,23.0,0.0,5.5,27.0,0.0,19.0,0.0,0.0,15.0,1.0,0.0,59.0,0.0,3.0,6.0,33.0,0.0,1.0,5.0,1.0,10.0,54.0,0.0,5.0,29.0,57.0,0.0,4.0,28.0,32.0,0.875,22.0,24.0,70.0,3270.0,25.0,2809.0,0.0,0.0,0.0,0.0,53.0,71.0,4.02,1.0,16,1.0,16,0.923,14,0.893,10,1.0,16,0.293,1
Dallas Cowboys,2015,204.0,119.0,1276.0,5.0,7.0,15.0,78.0,0.0,93.0,52.0,840.0,3.0,75.0,52.0,536.0,5.0,72.0,31.0,401.0,3.0,239.0,1089.0,3.0,53.0,40.0,328.0,0.0,76.0,315.0,4.0,10.0,10.0,86.0,0.0,104.0,77.0,713.0,3.0,14.0,9.0,79.0,0.0,3677.0,16.0,1890.0,8.0,31.0,8.0,6.0,17.0,1.0,2.5,65.0,5.0,29.0,0.0,2.0,20.0,5.0,1.0,39.0,2.0,1.0,3.0,35.0,2.0,0.0,1.0,0.0,9.0,41.0,0.0,7.0,30.0,70.0,0.0,0.0,30.0,32.0,0.938,25.0,25.0,69.0,3117.0,27.0,2935.0,0.0,0.0,0.0,0.0,33.0,76.0,4.63,1.0,16,1.0,16,1.0,16,0.958,12,1.0,16,0.293,1
Denver Broncos,2015,331.0,198.0,2249.0,9.0,17.0,6.0,-6.0,0.0,177.0,105.0,1304.0,6.0,137.0,76.0,1135.0,6.0,32.0,22.0,207.0,0.0,207.0,863.0,7.0,35.0,24.0,111.0,0.0,152.0,720.0,5.0,36.0,25.0,183.0,0.0,77.0,46.0,517.0,3.0,28.0,20.0,201.0,0.0,4216.0,19.0,1718.0,13.0,52.0,14.0,11.0,30.0,1.0,7.5,17.0,0.0,31.0,5.0,7.0,18.0,3.0,0.0,71.0,1.5,1.0,4.0,70.0,0.0,2.0,6.0,3.0,13.0,38.0,1.0,10.0,32.0,48.0,1.0,10.0,30.0,35.0,0.857,35.0,36.0,85.0,3704.0,22.0,3357.0,0.0,0.0,0.0,0.0,39.0,123.0,4.18,1.0,3,0.973,13,0.792,16,0.743,16,1.0,16,0.338,1
Detroit Lions,2015,592.0,398.0,4262.0,32.0,13.0,44.0,159.0,1.0,149.0,88.0,1214.0,9.0,128.0,90.0,813.0,6.0,43.0,29.0,337.0,4.0,143.0,597.0,2.0,38.0,25.0,183.0,1.0,90.0,311.0,4.0,27.0,22.0,286.0,0.0,70.0,47.0,537.0,5.0,16.0,9.0,77.0,2.0,4463.0,33.0,1335.0,7.0,43.0,9.0,14.5,37.0,1.0,7.0,28.0,1.0,22.0,2.0,0.0,14.0,2.5,3.0,53.0,0.5,0.0,5.0,8.0,1.0,0.0,0.0,2.0,13.0,46.0,0.0,7.0,42.0,52.0,4.0,5.0,22.0,24.0,0.917,36.0,39.0,80.0,3679.0,25.0,3356.0,0.0,0.0,0.0,0.0,44.0,104.0,3.77,0.996,16,0.743,9,0.931,13,0.925,16,1.0,14,0.319,1
Green Bay Packers,2015,572.0,347.0,3821.0,31.0,8.0,58.0,344.0,1.0,129.0,79.0,829.0,6.0,99.0,50.0,890.0,8.0,94.0,50.0,483.0,1.0,187.0,758.0,3.0,28.0,20.0,188.0,2.0,148.0,601.0,2.0,53.0,43.0,392.0,3.0,85.0,58.0,510.0,8.0,13.0,11.0,102.0,1.0,3825.0,31.0,1850.0,8.0,43.0,16.0,10.5,23.0,0.0,6.5,46.0,3.0,16.0,1.0,0.0,11.0,0.5,2.0,44.0,1.0,0.0,2.0,34.0,0.0,0.0,0.0,3.0,13.0,37.0,0.0,7.0,51.0,76.0,2.0,3.0,24.0,28.0,0.857,36.0,36.0,81.0,3557.0,18.0,3263.0,0.0,0.0,0.0,0.0,47.0,95.0,4.24,0.966,14,0.94,12,0.993,16,0.949,15,0.89,13,0.339,2
Houston Texans,2015,369.0,224.0,2606.0,19.0,7.0,15.0,44.0,0.0,192.0,111.0,1521.0,11.0,94.0,47.0,658.0,4.0,75.0,42.0,484.0,2.0,183.0,698.0,2.0,16.0,15.0,109.0,1.0,99.0,334.0,1.0,28.0,16.0,109.0,1.0,34.0,20.0,251.0,2.0,24.0,17.0,167.0,1.0,4079.0,29.0,1731.0,7.0,45.0,14.0,17.5,53.0,8.0,12.0,30.0,2.0,3.0,0.0,0.0,2.0,0.0,0.0,56.0,0.0,0.0,3.0,34.0,5.0,0.0,0.0,1.0,22.0,46.0,1.0,9.0,47.0,44.0,2.0,6.0,18.0,21.0,0.857,32.0,36.0,96.0,4533.0,24.0,3701.0,0.0,0.0,0.0,0.0,36.0,106.0,3.67,0.982,16,0.903,3,1.0,1,0.963,14,0.999,16,0.337,1
Indianapolis Colts,2015,293.0,162.0,1881.0,15.0,12.0,33.0,196.0,0.0,134.0,69.0,1124.0,5.0,105.0,64.0,733.0,6.0,77.0,41.0,503.0,4.0,260.0,967.0,6.0,58.0,34.0,267.0,1.0,31.0,85.0,0.0,14.0,10.0,64.0,3.0,84.0,54.0,491.0,3.0,29.0,16.0,109.0,1.0,3928.0,26.0,1438.0,6.0,35.0,17.0,7.0,14.0,0.0,7.0,23.0,3.0,14.0,1.0,0.0,7.0,3.0,1.0,79.0,3.0,1.0,10.0,64.0,3.0,1.0,2.0,4.0,16.0,36.0,0.0,3.0,19.0,54.0,4.0,9.0,25.0,27.0,0.926,32.0,35.0,85.0,4052.0,28.0,3546.0,0.0,0.0,0.0,0.0,37.0,85.0,3.63,1.0,4,0.995,13,0.999,12,0.883,13,0.786,9,0.318,1
Jacksonville Jaguars,2015,606.0,355.0,4428.0,35.0,18.0,52.0,310.0,2.0,151.0,80.0,1400.0,14.0,105.0,64.0,1031.0,10.0,45.0,32.0,368.0,1.0,182.0,740.0,2.0,46.0,36.0,279.0,1.0,67.0,266.0,1.0,30.0,21.0,164.0,0.0,80.0,46.0,455.0,5.0,37.0,16.0,226.0,0.0,4428.0,35.0,1473.0,5.0,36.0,9.0,5.5,22.0,3.0,4.0,16.0,4.0,21.0,4.0,1.0,7.0,2.0,2.0,102.0,1.0,3.0,6.0,16.0,0.0,0.0,0.0,0.0,7.0,58.0,0.0,1.0,21.0,8.0,0.0,1.0,26.0,30.0,0.867,32.0,39.0,80.0,3700.0,26.0,3158.0,0.0,0.0,0.0,0.0,51.0,76.0,4.16,0.979,15,0.97,14,1.0,3,1.0,16,1.0,16,0.304,1
Kansas City Chiefs,2015,470.0,307.0,3486.0,20.0,7.0,84.0,498.0,2.0,124.0,87.0,1088.0,8.0,57.0,35.0,451.0,2.0,31.0,17.0,199.0,1.0,160.0,634.0,4.0,34.0,20.0,214.0,1.0,72.0,403.0,6.0,6.0,6.0,5.0,0.0,103.0,72.0,875.0,5.0,11.0,7.0,74.0,1.0,3493.0,20.0,2044.0,19.0,47.0,22.0,7.5,23.0,6.0,6.5,38.0,1.0,26.0,1.0,0.0,4.0,0.0,0.0,87.0,4.0,2.0,8.0,46.0,1.0,2.0,3.0,8.0,26.0,53.0,2.0,12.0,40.0,66.0,3.0,12.0,30.0,37.0,0.811,39.0,41.0,75.0,3333.0,37.0,3063.0,0.0,0.0,0.0,0.0,46.0,86.0,4.69,1.0,10,0.831,16,1.0,7,0.812,16,0.967,15,0.353,1
Las Vegas Raiders,2015,573.0,350.0,3987.0,32.0,13.0,33.0,138.0,0.0,146.0,85.0,922.0,9.0,130.0,72.0,1070.0,6.0,55.0,32.0,480.0,5.0,266.0,1066.0,6.0,53.0,41.0,232.0,0.0,24.0,110.0,1.0,11.0,9.0,84.0,0.0,50.0,28.0,329.0,3.0,46.0,32.0,280.0,1.0,4129.0,34.0,1457.0,7.0,38.0,14.0,15.0,55.0,2.0,3.5,20.0,3.0,30.0,1.0,1.0,26.0,2.0,2.0,94.0,4.0,1.0,6.0,42.0,1.0,0.0,0.0,1.0,6.0,35.0,0.0,0.0,5.0,57.0,5.0,9.0,21.0,26.0,0.808,38.0,39.0,83.0,3697.0,40.0,3416.0,0.0,0.0,0.0,0.0,33.0,78.0,3.94,1.0,5,0.983,16,1.0,16,1.0,11,0.954,13,0.32,2
Los Angeles Chargers,2015,661.0,437.0,4792.0,29.0,13.0,17.0,28.0,0.0,89.0,67.0,725.0,4.0,69.0,30.0,561.0,3.0,65.0,45.0,497.0,3.0,184.0,641.0,0.0,37.0,33.0,192.0,0.0,98.0,336.0,3.0,106.0,80.0,755.0,6.0,85.0,56.0,630.0,5.0,63.0,37.0,429.0,4.0,4855.0,30.0,1358.0,4.0,32.0,11.0,1.0,12.0,0.0,1.0,14.0,1.0,21.0,3.0,0.0,19.0,2.0,4.0,57.0,2.0,0.0,0.0,46.0,10.5,0.0,6.0,1.0,8.0,35.0,0.0,4.0,27.0,50.0,0.0,6.0,26.0,32.0,0.812,28.0,32.0,72.0,3261.0,15.0,2789.0,0.0,0.0,0.0,0.0,40.0,75.0,3.46,0.95,16,0.751,14,0.961,12,0.861,10,0.831,16,0.307,1
Los Angeles Rams,2015,337.0,190.0,2052.0,7.0,10.0,17.0,20.0,1.0,87.0,52.0,473.0,5.0,72.0,36.0,681.0,3.0,32.0,10.0,102.0,0.0,229.0,1106.0,10.0,26.0,21.0,188.0,0.0,75.0,207.0,1.0,21.0,18.0,88.0,0.0,75.0,39.0,481.0,0.0,40.0,25.0,245.0,2.0,2931.0,11.0,1956.0,16.0,41.0,13.0,5.5,35.0,0.0,5.0,12.0,3.0,41.0,11.0,1.0,24.0,3.0,0.0,76.0,1.0,0.0,5.0,59.0,1.0,1.0,1.0,7.0,17.0,56.0,3.0,16.0,53.0,58.0,1.0,5.0,20.0,30.0,0.667,27.0,29.0,96.0,4601.0,41.0,4192.0,0.0,0.0,0.0,0.0,18.0,116.0,4.56,1.0,16,0.972,13,0.978,9,0.738,16,0.996,16,0.351,1
Miami Dolphins,2015,586.0,363.0,4208.0,24.0,12.0,32.0,141.0,1.0,166.0,110.0,1157.0,4.0,63.0,27.0,440.0,3.0,61.0,43.0,662.0,4.0,194.0,872.0,8.0,57.0,47.0,397.0,2.0,49.0,187.0,1.0,11.0,7.0,90.0,0.0,70.0,35.0,386.0,3.0,25.0,18.0,127.0,1.0,4231.0,24.0,1496.0,11.0,31.0,13.0,7.5,38.0,0.0,3.5,24.0,4.0,38.0,6.0,5.0,13.0,0.0,0.0,73.0,0.0,0.0,2.0,46.0,0.0,0.0,3.0,4.0,14.0,40.0,1.0,10.0,30.0,101.0,5.0,10.0,13.0,16.0,0.812,33.0,36.0,92.0,4380.0,30.0,3654.0,0.0,0.0,0.0,0.0,45.0,89.0,4.35,0.879,14,0.854,7,0.999,16,0.918,13,0.896,14,0.323,1
Minnesota Vikings,2015,447.0,292.0,3231.0,14.0,9.0,44.0,192.0,3.0,84.0,52.0,720.0,4.0,72.0,39.0,473.0,2.0,50.0,34.0,442.0,0.0,327.0,1485.0,11.0,36.0,30.0,222.0,0.0,52.0,271.0,2.0,29.0,21.0,173.0,1.0,73.0,49.0,495.0,5.0,19.0,11.0,124.0,1.0,3246.0,14.0,2211.0,18.0,43.0,13.0,10.5,26.0,4.0,6.0,24.0,0.0,29.0,0.5,1.0,20.0,5.5,1.0,63.0,4.0,0.0,1.0,13.0,0.0,0.0,1.0,3.0,12.0,49.0,1.0,11.0,51.0,52.0,1.0,3.0,34.0,39.0,0.872,33.0,37.0,66.0,2746.0,23.0,2494.0,0.0,0.0,0.0,0.0,45.0,111.0,4.66,1.0,1,0.994,16,1.0,15,0.999,16,1.0,16,0.331,1
New England Patriots,2015,624.0,402.0,4770.0,36.0,7.0,34.0,53.0,3.0,88.0,61.0,692.0,7.0,87.0,65.0,648.0,3.0,74.0,37.0,515.0,0.0,165.0,703.0,6.0,7.0,6.0,43.0,1.0,63.0,207.0,0.0,30.0,19.0,180.0,2.0,120.0,72.0,1176.0,11.0,42.0,23.0,259.0,4.0,4812.0,36.0,1404.0,14.0,49.0,12.0,12.5,26.0,2.0,8.0,26.0,2.0,25.0,3.0,0.0,19.0,1.0,3.0,31.0,1.0,0.0,1.0,26.0,1.0,0.0,1.0,2.0,15.0,54.0,4.0,14.0,56.0,49.0,1.0,6.0,33.0,36.0,0.917,52.0,52.0,73.0,3358.0,31.0,2951.0,0.0,0.0,0.0,0.0,38.0,94.0,3.67,0.826,14,0.78,4,0.864,14,0.755,14,0.884,8,0.335,1
New Orleans Saints,2015,627.0,428.0,4870.0,32.0,11.0,24.0,14.0,1.0,129.0,84.0,1138.0,9.0,101.0,69.0,984.0,3.0,67.0,45.0,520.0,4.0,166.0,769.0,6.0,60.0,50.0,405.0,0.0,96.0,375.0,4.0,13.0,12.0,129.0,0.0,110.0,74.0,825.0,6.0,30.0,16.0,120.0,2.0,5205.0,32.0,1491.0,16.0,30.0,9.0,5.0,18.0,2.0,4.0,33.0,2.0,18.0,0.5,1.0,15.0,0.0,3.0,66.0,1.0,1.0,5.0,32.0,0.0,0.0,1.0,3.0,19.0,36.0,1.0,10.0,63.0,67.0,0.0,5.0,9.0,13.0,0.692,44.0,46.0,67.0,3006.0,25.0,2671.0,0.0,0.0,0.0,0.0,32.0,64.0,3.76,0.995,15,0.974,13,0.997,11,0.855,15,0.999,16,0.306,1
New York Giants,2015,618.0,387.0,4432.0,35.0,14.0,20.0,61.0,0.0,158.0,96.0,1450.0,13.0,90.0,57.0,797.0,8.0,57.0,36.0,396.0,4.0,195.0,863.0,3.0,40.0,29.0,296.0,1.0,88.0,257.0,1.0,3.0,1.0,7.0,0.0,62.0,42.0,464.0,3.0,41.0,29.0,223.0,2.0,4500.0,36.0,1609.0,5.0,23.0,15.0,9.5,21.0,4.0,3.0,13.0,0.0,14.0,0.0,1.0,11.0,0.0,0.0,69.0,0.0,1.0,9.0,41.0,1.0,0.0,0.0,3.0,13.0,50.0,1.0,10.0,47.0,36.0,0.0,4.0,30.0,32.0,0.938,44.0,45.0,76.0,3380.0,33.0,2960.0,0.0,0.0,0.0,0.0,27.0,84.0,3.99,0.969,14,0.917,15,0.997,14,0.881,11,0.975,15,0.327,3
New York Jets,2015,562.0,335.0,3905.0,31.0,15.0,60.0,270.0,2.0,173.0,109.0,1502.0,14.0,132.0,80.0,1027.0,12.0,46.0,22.0,315.0,0.0,247.0,1070.0,7.0,37.0,30.0,217.0,1.0,70.0,313.0,1.0,63.0,47.0,388.0,2.0,14.0,5.0,77.0,0.0,11.0,3.0,18.0,1.0,4170.0,33.0,1868.0,11.0,38.0,18.0,12.0,35.0,7.0,4.5,61.0,5.0,32.0,0.5,0.0,18.0,5.0,2.0,11.0,1.0,0.0,0.0,8.0,0.0,0.0,0.0,0.0,12.0,24.0,1.0,7.0,44.0,60.0,3.0,7.0,14.0,17.0,0.824,42.0,43.0,79.0,3448.0,27.0,2898.0,0.0,0.0,0.0,0.0,22.0,116.0,4.17,1.0,16,0.997,16,0.996,16,0.832,6,0.898,15,0.337,1
Philadelphia Eagles,2015,532.0,346.0,3725.0,19.0,14.0,26.0,39.0,0.0,44.0,23.0,283.0,1.0,41.0,21.0,327.0,2.0,40.0,27.0,312.0,3.0,193.0,702.0,6.0,55.0,44.0,322.0,1.0,106.0,539.0,6.0,28.0,20.0,146.0,1.0,128.0,85.0,997.0,8.0,112.0,75.0,853.0,2.0,4341.0,23.0,1743.0,15.0,37.0,15.0,6.5,35.0,1.0,3.5,9.0,0.0,47.0,9.5,2.0,38.0,1.0,0.0,60.0,3.0,0.0,3.0,43.0,7.0,0.0,7.0,2.0,10.0,41.0,2.0,10.0,52.0,84.0,2.0,10.0,18.0,22.0,0.818,42.0,44.0,86.0,4038.0,29.0,3663.0,0.0,0.0,0.0,0.0,37.0,83.0,3.94,1.0,16,0.762,14,1.0,16,1.0,12,1.0,16,0.323,1
Pittsburgh Steelers,2015,469.0,319.0,3938.0,21.0,16.0,15.0,29.0,0.0,193.0,136.0,1834.0,10.0,92.0,50.0,765.0,6.0,79.0,44.0,749.0,5.0,200.0,907.0,11.0,47.0,40.0,367.0,0.0,113.0,556.0,3.0,26.0,24.0,136.0,0.0,81.0,60.0,535.0,2.0,11.0,8.0,56.0,1.0,4822.0,26.0,1724.0,16.0,47.0,17.0,7.0,35.0,2.0,6.5,33.0,1.0,11.0,1.0,1.0,8.0,0.0,0.0,47.0,3.5,1.0,4.0,31.0,0.5,0.0,1.0,2.0,11.0,34.0,0.0,0.0,0.0,55.0,1.0,8.0,29.0,32.0,0.906,32.0,34.0,59.0,2511.0,28.0,2306.0,0.0,0.0,0.0,0.0,33.0,96.0,4.44,0.995,16,0.872,6,1.0,16,1.0,16,0.998,16,0.307,1
San Francisco 49ers,2015,282.0,178.0,2031.0,10.0,7.0,32.0,185.0,1.0,111.0,69.0,789.0,4.0,62.0,33.0,663.0,4.0,57.0,30.0,394.0,1.0,115.0,470.0,3.0,15.0,11.0,53.0,0.0,76.0,263.0,1.0,32.0,25.0,175.0,0.0,46.0,30.0,326.0,3.0,30.0,18.0,194.0,0.0,3646.0,16.0,1544.0,7.0,28.0,9.0,6.5,25.0,1.0,6.5,27.0,3.0,37.0,1.0,1.0,28.0,2.5,1.0,99.0,2.5,0.0,2.0,33.0,0.0,0.0,0.0,3.0,8.0,53.0,0.0,0.0,1.0,53.0,0.0,7.0,24.0,27.0,0.889,20.0,21.0,92.0,4017.0,31.0,3634.0,0.0,0.0,0.0,0.0,53.0,77.0,3.96,1.0,11,1.0,16,1.0,5,0.963,13,0.949,14,0.311,1
Seattle Seahawks,2015,483.0,329.0,4024.0,34.0,8.0,103.0,553.0,1.0,103.0,78.0,1069.0,14.0,69.0,51.0,664.0,6.0,68.0,49.0,685.0,5.0,147.0,830.0,4.0,11.0,9.0,76.0,1.0,111.0,417.0,3.0,21.0,13.0,80.0,0.0,74.0,48.0,605.0,2.0,26.0,17.0,213.0,1.0,4061.0,34.0,2268.0,10.0,37.0,14.0,10.0,31.0,0.0,9.0,31.0,7.0,19.0,2.0,1.0,13.0,1.5,0.0,63.0,0.5,0.0,7.0,22.0,5.5,0.0,2.0,2.0,14.0,33.0,2.0,6.0,11.0,45.0,5.0,9.0,29.0,31.0,0.935,40.0,44.0,68.0,3035.0,24.0,2509.0,0.0,0.0,0.0,0.0,46.0,103.0,4.54,1.0,1,0.982,16,0.999,15,0.998,15,0.881,10,0.321,1
Tampa Bay Buccaneers,2015,535.0,312.0,4042.0,22.0,15.0,54.0,213.0,6.0,148.0,74.0,1206.0,3.0,62.0,33.0,543.0,3.0,40.0,27.0,260.0,1.0,288.0,1402.0,6.0,44.0,33.0,271.0,1.0,107.0,529.0,0.0,70.0,51.0,561.0,4.0,39.0,21.0,338.0,4.0,30.0,23.0,288.0,3.0,4042.0,22.0,2162.0,12.0,38.0,11.0,7.0,12.0,1.0,3.0,74.0,13.0,42.0,3.0,2.0,19.0,8.5,1.0,49.0,3.0,2.0,9.0,22.0,2.0,0.0,2.0,1.0,6.0,34.0,0.0,1.0,12.0,57.0,2.0,4.0,23.0,28.0,0.821,31.0,34.0,56.0,2348.0,15.0,2128.0,0.0,0.0,0.0,0.0,27.0,87.0,4.75,0.998,16,0.998,13,0.995,15,0.933,13,0.959,15,0.291,1
Tennessee Titans,2015,370.0,230.0,2818.0,19.0,10.0,34.0,252.0,2.0,72.0,36.0,411.0,2.0,67.0,32.0,549.0,4.0,60.0,36.0,408.0,3.0,143.0,520.0,3.0,29.0,21.0,174.0,0.0,52.0,146.0,1.0,2.0,1.0,-2.0,0.0,133.0,94.0,1088.0,6.0,42.0,26.0,289.0,2.0,3893.0,25.0,1485.0,10.0,39.0,11.0,7.0,38.0,5.0,7.0,34.0,3.0,23.0,0.0,0.0,14.0,0.0,0.0,62.0,3.5,1.0,1.0,52.0,5.0,0.0,0.0,2.0,8.0,44.0,1.0,7.0,26.0,65.0,1.0,3.0,14.0,16.0,0.875,29.0,31.0,88.0,4175.0,34.0,3550.0,0.0,0.0,0.0,0.0,54.0,71.0,4.0,0.929,15,0.536,11,0.991,16,0.951,14,0.869,8,0.311,1
Washington Commanders,2015,543.0,379.0,4166.0,29.0,11.0,26.0,48.0,5.0,111.0,72.0,777.0,6.0,78.0,59.0,604.0,2.0,49.0,30.0,528.0,4.0,202.0,751.0,1.0,13.0,10.0,55.0,0.0,144.0,490.0,3.0,25.0,19.0,304.0,1.0,114.0,87.0,952.0,11.0,22.0,17.0,141.0,1.0,4294.0,30.0,1566.0,9.0,37.0,11.0,9.5,29.0,3.0,8.0,22.0,4.0,21.0,6.0,1.0,12.0,1.5,0.0,41.0,1.0,1.0,3.0,25.0,0.0,0.0,0.0,2.0,16.0,53.0,1.0,5.0,11.0,37.0,0.0,2.0,25.0,28.0,0.893,40.0,41.0,70.0,3184.0,21.0,2786.0,0.0,0.0,0.0,0.0,27.0,82.0,3.65,1.0,4,0.979,14,1.0,13,0.998,12,1.0,5,0.313,1
Arizona Cardinals,2016,597.0,364.0,4233.0,26.0,14.0,14.0,38.0,0.0,150.0,107.0,1023.0,6.0,74.0,34.0,568.0,6.0,73.0,39.0,517.0,2.0,293.0,1239.0,16.0,120.0,80.0,879.0,4.0,34.0,96.0,0.0,19.0,12.0,85.0,0.0,61.0,37.0,391.0,2.0,18.0,14.0,154.0,1.0,4425.0,28.0,1732.0,20.0,46.0,14.0,11.0,38.0,3.0,8.0,34.0,6.0,4.0,0.0,0.0,0.0,0.0,1.0,57.0,3.5,0.0,2.0,35.0,12.5,0.0,1.0,3.0,6.0,44.0,1.0,6.0,37.0,73.0,0.0,5.0,21.0,28.0,0.75,43.0,47.0,78.0,3269.0,25.0,2919.0,0.0,0.0,0.0,0.0,41.0,103.0,4.34,1.0,3,0.964,8,0.961,15,0.721,15,0.997,16,0.35,2
Atlanta Falcons,2016,534.0,373.0,4944.0,38.0,7.0,35.0,117.0,0.0,129.0,83.0,1409.0,6.0,81.0,59.0,653.0,4.0,50.0,35.0,579.0,6.0,227.0,1079.0,11.0,65.0,54.0,462.0,2.0,118.0,520.0,8.0,40.0,31.0,421.0,3.0,31.0,22.0,210.0,3.0,27.0,19.0,271.0,3.0,4960.0,38.0,1928.0,20.0,34.0,12.0,15.5,31.0,2.0,4.5,16.0,0.0,20.0,3.0,0.0,12.0,0.0,1.0,70.0,0.0,3.0,11.0,19.0,0.0,0.0,0.0,2.0,19.0,47.0,2.0,10.0,28.0,65.0,0.0,9.0,34.0,37.0,0.919,56.0,57.0,48.0,2243.0,21.0,2002.0,0.0,0.0,0.0,0.0,37.0,81.0,4.58,0.999,16,0.944,16,1.0,16,0.979,16,0.979,16,0.3,1
Baltimore Ravens,2016,672.0,436.0,4317.0,20.0,15.0,21.0,58.0,2.0,116.0,72.0,1017.0,4.0,101.0,70.0,799.0,5.0,66.0,33.0,499.0,3.0,193.0,774.0,5.0,45.0,34.0,236.0,1.0,88.0,382.0,2.0,41.0,30.0,162.0,1.0,121.0,86.0,729.0,2.0,17.0,10.0,85.0,2.0,4343.0,20.0,1463.0,10.0,31.0,18.0,8.0,24.0,4.0,4.0,12.0,2.0,17.0,2.0,1.0,16.0,5.0,3.0,86.0,0.0,3.0,5.0,52.0,0.0,4.0,8.0,2.0,8.0,44.0,0.0,4.0,27.0,59.0,1.0,5.0,38.0,39.0,0.974,27.0,27.0,80.0,3665.0,37.0,3190.0,0.0,0.0,0.0,0.0,33.0,80.0,3.99,1.0,12,0.884,15,0.986,13,0.801,10,0.979,16,0.335,1
Buffalo Bills,2016,436.0,269.0,3023.0,17.0,6.0,95.0,580.0,6.0,76.0,51.0,613.0,1.0,68.0,29.0,431.0,3.0,52.0,28.0,430.0,2.0,234.0,1267.0,13.0,57.0,50.0,356.0,1.0,101.0,577.0,8.0,11.0,9.0,50.0,1.0,87.0,57.0,552.0,4.0,14.0,9.0,114.0,0.0,3250.0,17.0,2630.0,29.0,39.0,12.0,12.5,45.0,6.0,6.0,22.0,3.0,28.0,5.0,0.0,15.0,3.5,1.0,57.0,1.0,0.0,1.0,13.0,0.0,0.0,0.0,5.0,12.0,37.0,0.0,12.0,54.0,55.0,1.0,9.0,19.0,25.0,0.76,40.0,45.0,75.0,3183.0,20.0,2861.0,0.0,0.0,0.0,0.0,46.0,79.0,5.35,0.971,16,0.885,11,0.997,16,0.985,16,0.963,9,0.326,1
Carolina Panthers,2016,510.0,270.0,3509.0,19.0,14.0,90.0,359.0,5.0,118.0,63.0,941.0,7.0,95.0,54.0,752.0,4.0,58.0,23.0,371.0,4.0,218.0,824.0,9.0,21.0,8.0,60.0,0.0,57.0,265.0,0.0,33.0,25.0,226.0,0.0,129.0,80.0,1073.0,3.0,19.0,10.0,134.0,1.0,3962.0,21.0,1814.0,16.0,47.0,17.0,5.0,16.0,3.0,4.0,14.0,2.0,28.0,6.0,3.0,18.0,9.5,1.0,71.0,2.0,1.0,6.0,5.0,1.0,0.0,1.0,2.0,10.0,45.0,1.0,9.0,59.0,60.0,4.0,7.0,30.0,38.0,0.789,31.0,34.0,76.0,3480.0,31.0,2937.0,0.0,0.0,0.0,0.0,36.0,93.0,4.0,1.0,3,0.999,16,1.0,16,0.992,16,0.881,8,0.319,1
Chicago Bears,2016,216.0,129.0,1611.0,8.0,14.0,7.0,2.0,0.0,97.0,66.0,888.0,4.0,94.0,52.0,821.0,2.0,43.0,33.0,369.0,2.0,252.0,1313.0,6.0,50.0,29.0,298.0,1.0,62.0,200.0,4.0,27.0,19.0,142.0,0.0,64.0,47.0,486.0,4.0,20.0,16.0,124.0,1.0,4139.0,19.0,1735.0,10.0,37.0,8.0,7.5,20.0,2.0,7.0,31.0,2.0,12.0,1.0,0.0,11.0,2.5,1.0,72.0,0.0,0.0,4.0,37.0,1.0,0.0,4.0,2.0,10.0,38.0,2.0,9.0,45.0,54.0,0.0,5.0,18.0,23.0,0.783,31.0,32.0,68.0,2957.0,24.0,2575.0,0.0,0.0,0.0,0.0,28.0,75.0,4.57,1.0,16,0.961,15,0.998,16,0.893,13,0.575,16,0.292,1
Cincinnati Bengals,2016,563.0,364.0,4206.0,18.0,8.0,46.0,184.0,4.0,107.0,64.0,862.0,6.0,100.0,66.0,964.0,4.0,81.0,54.0,603.0,1.0,222.0,839.0,9.0,27.0,21.0,174.0,0.0,91.0,337.0,2.0,51.0,39.0,336.0,1.0,47.0,29.0,394.0,5.0,38.0,25.0,234.0,1.0,4206.0,18.0,1769.0,17.0,33.0,17.0,8.0,27.0,15.0,4.0,9.0,1.0,19.0,9.0,0.0,16.0,0.0,3.0,65.0,1.0,0.0,6.0,6.0,0.0,0.0,0.0,3.0,10.0,34.0,1.0,3.0,38.0,56.0,3.0,5.0,23.0,29.0,0.793,29.0,35.0,78.0,3613.0,23.0,3084.0,0.0,0.0,0.0,0.0,41.0,104.0,3.97,0.978,16,0.711,14,0.999,16,0.986,14,0.976,16,0.347,2
Cleveland Browns,2016,195.0,128.0,1380.0,6.0,2.0,11.0,18.0,0.0,140.0,77.0,1007.0,4.0,73.0,33.0,413.0,3.0,54.0,33.0,324.0,3.0,198.0,952.0,7.0,53.0,40.0,319.0,0.0,73.0,358.0,1.0,74.0,53.0,514.0,0.0,82.0,55.0,612.0,2.0,12.0,10.0,127.0,2.0,3693.0,15.0,1712.0,13.0,26.0,10.0,5.5,25.0,3.0,3.0,18.0,1.0,30.0,1.5,0.0,26.0,1.0,1.0,17.0,0.5,0.0,1.0,14.0,2.5,0.0,4.0,3.0,13.0,43.0,3.0,11.0,37.0,30.0,0.0,1.0,20.0,25.0,0.8,23.0,25.0,83.0,3761.0,22.0,3345.0,0.0,0.0,0.0,0.0,66.0,81.0,4.89,1.0,16,0.99,16,1.0,5,0.974,12,0.851,13,0.308,1
Dallas Cowboys,2016,459.0,311.0,3667.0,23.0,4.0,57.0,282.0,6.0,98.0,75.0,833.0,5.0,96.0,50.0,796.0,8.0,61.0,44.0,594.0,4.0,322.0,1631.0,15.0,40.0,32.0,363.0,1.0,69.0,243.0,2.0,6.0,3.0,11.0,0.0,95.0,69.0,673.0,3.0,8.0,6.0,69.0,0.0,3799.0,25.0,2396.0,24.0,34.0,9.0,6.0,11.0,0.0,1.0,24.0,3.0,17.0,2.5,0.0,15.0,5.0,0.0,33.0,1.5,0.0,1.0,8.0,1.0,0.0,0.0,1.0,10.0,66.0,1.0,9.0,47.0,59.0,2.0,4.0,27.0,32.0,0.844,46.0,46.0,58.0,2661.0,25.0,2389.0,0.0,0.0,0.0,0.0,28.0,90.0,4.8,0.996,16,0.972,13,1.0,16,0.941,13,1.0,16,0.313,1
Denver Broncos,2016,486.0,289.0,3401.0,18.0,10.0,28.0,57.0,0.0,144.0,90.0,1083.0,5.0,137.0,79.0,1032.0,5.0,35.0,21.0,232.0,1.0,174.0,612.0,4.0,45.0,31.0,265.0,1.0,110.0,437.0,4.0,24.0,16.0,128.0,1.0,37.0,22.0,237.0,1.0,20.0,16.0,160.0,0.0,3914.0,20.0,1484.0,11.0,41.0,14.0,13.5,56.0,3.0,5.5,33.0,4.0,20.0,1.0,1.0,2.0,0.0,0.0,62.0,0.5,0.0,3.0,45.0,0.0,0.0,5.0,3.0,12.0,31.0,2.0,10.0,52.0,53.0,3.0,6.0,29.0,34.0,0.853,32.0,33.0,89.0,4068.0,28.0,3677.0,0.0,0.0,0.0,0.0,40.0,114.0,3.62,0.988,16,0.969,16,1.0,16,0.207,3,1.0,16,0.36,2
Detroit Lions,2016,594.0,388.0,4327.0,24.0,10.0,37.0,207.0,2.0,135.0,91.0,1077.0,4.0,103.0,55.0,930.0,4.0,95.0,67.0,584.0,8.0,92.0,357.0,1.0,67.0,53.0,371.0,5.0,90.0,265.0,1.0,15.0,10.0,62.0,0.0,85.0,61.0,711.0,1.0,3.0,3.0,19.0,0.0,4327.0,24.0,1310.0,9.0,26.0,10.0,8.0,22.0,1.0,4.5,21.0,1.0,22.0,2.0,7.0,12.0,1.0,0.0,24.0,0.0,0.0,4.0,18.0,0.0,0.0,1.0,2.0,13.0,41.0,0.0,9.0,45.0,64.0,2.0,2.0,31.0,36.0,0.861,31.0,33.0,62.0,3010.0,23.0,2740.0,0.0,0.0,0.0,0.0,37.0,68.0,3.74,1.0,16,0.982,14,0.995,15,0.607,16,1.0,12,0.315,1
Green Bay Packers,2016,610.0,401.0,4428.0,40.0,7.0,67.0,369.0,4.0,152.0,97.0,1257.0,14.0,121.0,75.0,997.0,12.0,84.0,60.0,610.0,4.0,71.0,360.0,0.0,7.0,4.0,28.0,0.0,63.0,145.0,0.0,25.0,19.0,134.0,2.0,51.0,30.0,377.0,1.0,47.0,30.0,271.0,2.0,4445.0,40.0,1701.0,11.0,39.0,17.0,11.0,33.0,4.0,7.5,15.0,3.0,12.0,0.0,2.0,5.0,0.0,1.0,50.0,0.0,0.0,3.0,43.0,1.0,1.0,4.0,0.0,12.0,43.0,1.0,8.0,38.0,65.0,2.0,9.0,26.0,30.0,0.867,44.0,47.0,56.0,2420.0,19.0,2189.0,0.0,0.0,0.0,0.0,35.0,83.0,4.55,0.974,16,0.972,16,0.998,16,0.904,13,1.0,7,0.306,1
Houston Texans,2016,510.0,301.0,2957.0,15.0,16.0,30.0,131.0,2.0,151.0,78.0,954.0,4.0,92.0,47.0,635.0,2.0,28.0,15.0,99.0,1.0,268.0,1073.0,5.0,39.0,31.0,188.0,1.0,100.0,420.0,1.0,16.0,12.0,40.0,0.0,89.0,54.0,559.0,4.0,74.0,50.0,442.0,2.0,3418.0,15.0,1859.0,8.0,31.0,11.0,7.5,33.0,1.0,6.0,40.0,2.0,9.0,0.0,1.0,6.0,1.0,1.0,68.0,5.0,0.0,2.0,35.0,0.0,0.0,1.0,1.0,16.0,47.0,0.0,9.0,34.0,47.0,1.0,4.0,35.0,41.0,0.854,22.0,25.0,72.0,3423.0,30.0,2886.0,0.0,0.0,0.0,0.0,32.0,89.0,4.08,0.959,16,0.925,12,0.943,16,0.919,14,0.999,16,0.314,1
Indianapolis Colts,2016,545.0,346.0,4240.0,31.0,13.0,64.0,341.0,2.0,155.0,91.0,1448.0,6.0,59.0,33.0,528.0,2.0,56.0,30.0,307.0,7.0,263.0,1025.0,4.0,47.0,38.0,277.0,4.0,47.0,164.0,7.0,35.0,26.0,179.0,1.0,75.0,59.0,584.0,5.0,52.0,35.0,406.0,6.0,4491.0,32.0,1628.0,13.0,33.0,8.0,5.0,15.0,0.0,2.5,11.0,0.0,31.0,3.0,0.0,15.0,0.0,0.0,50.0,1.0,0.0,3.0,47.0,2.0,0.0,0.0,1.0,10.0,34.0,0.0,7.0,52.0,60.0,2.0,2.0,27.0,31.0,0.871,44.0,44.0,55.0,2711.0,19.0,2392.0,0.0,0.0,0.0,0.0,44.0,82.0,3.98,0.982,16,0.933,15,0.957,10,0.0,0,0.925,16,0.295,1
Jacksonville Jaguars,2016,625.0,368.0,3905.0,23.0,16.0,58.0,359.0,3.0,151.0,73.0,883.0,6.0,105.0,63.0,851.0,3.0,76.0,35.0,477.0,3.0,130.0,465.0,1.0,68.0,50.0,312.0,1.0,117.0,439.0,3.0,28.0,20.0,186.0,0.0,51.0,30.0,281.0,4.0,30.0,20.0,169.0,1.0,3925.0,24.0,1631.0,8.0,33.0,7.0,8.0,20.0,2.0,4.0,22.0,5.0,26.0,6.5,4.0,26.0,0.0,1.0,92.0,1.5,1.0,3.0,18.0,0.5,0.0,2.0,2.0,14.0,53.0,0.0,6.0,46.0,30.0,1.0,2.0,27.0,34.0,0.794,29.0,32.0,77.0,3589.0,27.0,3040.0,0.0,0.0,0.0,0.0,34.0,77.0,4.16,1.0,16,0.977,15,1.0,16,0.931,14,0.48,2,0.304,1
Kansas City Chiefs,2016,489.0,328.0,3502.0,15.0,8.0,48.0,134.0,5.0,83.0,61.0,593.0,6.0,76.0,44.0,536.0,2.0,69.0,44.0,530.0,0.0,214.0,921.0,3.0,42.0,33.0,447.0,2.0,88.0,293.0,1.0,34.0,28.0,188.0,2.0,117.0,85.0,1125.0,4.0,31.0,17.0,123.0,1.0,3914.0,19.0,1748.0,15.0,27.0,18.0,10.0,25.0,2.0,4.0,20.0,1.0,14.0,1.5,3.0,14.0,1.0,0.0,65.0,1.0,1.0,3.0,60.0,0.0,1.0,3.0,6.0,20.0,35.0,0.0,16.0,59.0,50.0,1.0,12.0,31.0,35.0,0.886,36.0,39.0,76.0,3427.0,38.0,3090.0,0.0,0.0,0.0,0.0,32.0,76.0,4.24,0.999,16,0.999,16,1.0,1,0.993,14,0.996,16,0.346,1
Las Vegas Raiders,2016,560.0,357.0,3937.0,28.0,6.0,39.0,70.0,0.0,145.0,89.0,1003.0,8.0,132.0,83.0,1153.0,5.0,77.0,38.0,397.0,5.0,195.0,788.0,12.0,43.0,33.0,264.0,0.0,87.0,467.0,2.0,23.0,17.0,115.0,0.0,52.0,33.0,359.0,3.0,25.0,18.0,192.0,1.0,4137.0,29.0,1922.0,17.0,25.0,16.0,11.0,48.0,3.0,0.5,8.0,1.0,20.0,2.5,2.0,14.0,0.0,0.0,80.0,0.0,1.0,3.0,44.0,7.0,0.0,1.0,2.0,11.0,32.0,0.0,0.0,1.0,46.0,5.0,12.0,29.0,35.0,0.829,37.0,39.0,81.0,3937.0,34.0,3352.0,0.0,0.0,0.0,0.0,18.0,80.0,4.43,0.991,16,0.914,11,0.999,16,0.997,15,0.999,16,0.338,1
Los Angeles Chargers,2016,578.0,349.0,4386.0,33.0,21.0,14.0,35.0,0.0,119.0,69.0,1059.0,7.0,97.0,58.0,810.0,4.0,75.0,47.0,677.0,4.0,254.0,997.0,10.0,57.0,41.0,419.0,2.0,60.0,192.0,0.0,16.0,13.0,70.0,0.0,93.0,53.0,548.0,7.0,53.0,36.0,478.0,8.0,4386.0,33.0,1510.0,10.0,35.0,18.0,10.5,28.0,0.0,3.5,54.0,6.0,23.0,0.0,3.0,16.0,1.0,1.0,53.0,2.0,1.0,2.0,45.0,8.0,0.0,5.0,7.0,20.0,45.0,1.0,5.0,24.0,42.0,1.0,9.0,26.0,32.0,0.812,42.0,46.0,59.0,2731.0,18.0,2349.0,0.0,0.0,0.0,0.0,36.0,87.0,3.79,0.965,12,0.957,15,0.927,16,0.867,16,0.957,16,0.296,1
Los Angeles Rams,2016,322.0,196.0,2201.0,9.0,11.0,20.0,51.0,1.0,111.0,68.0,1002.0,5.0,106.0,58.0,509.0,3.0,77.0,41.0,564.0,3.0,278.0,885.0,6.0,58.0,43.0,327.0,0.0,21.0,101.0,0.0,21.0,16.0,91.0,0.0,87.0,50.0,499.0,2.0,29.0,11.0,85.0,1.0,3313.0,14.0,1252.0,9.0,31.0,10.0,5.0,31.0,0.0,4.0,7.0,2.0,33.0,8.0,5.0,16.0,2.0,1.0,93.0,0.0,2.0,11.0,88.0,1.0,2.0,8.0,1.0,11.0,46.0,0.0,7.0,46.0,49.0,2.0,6.0,19.0,22.0,0.864,23.0,23.0,98.0,4680.0,51.0,4508.0,0.0,0.0,0.0,0.0,49.0,102.0,3.34,1.0,14,0.989,15,0.786,12,0.615,11,1.0,16,0.327,1
Miami Dolphins,2016,389.0,261.0,2995.0,19.0,12.0,39.0,164.0,1.0,131.0,94.0,1136.0,4.0,87.0,56.0,744.0,4.0,81.0,42.0,726.0,9.0,260.0,1272.0,8.0,35.0,27.0,151.0,0.0,35.0,115.0,3.0,32.0,23.0,249.0,3.0,35.0,26.0,256.0,4.0,17.0,14.0,174.0,0.0,3716.0,27.0,1824.0,14.0,32.0,16.0,5.5,24.0,1.0,3.5,21.0,2.0,35.0,5.0,6.0,13.0,0.5,3.0,40.0,0.0,0.0,3.0,40.0,1.0,0.0,1.0,2.0,15.0,37.0,1.0,6.0,30.0,48.0,2.0,5.0,16.0,21.0,0.762,41.0,42.0,90.0,3991.0,32.0,3591.0,0.0,0.0,0.0,0.0,30.0,96.0,4.5,0.998,16,0.988,16,1.0,1,0.449,15,1.0,5,0.334,1
Minnesota Vikings,2016,552.0,395.0,3877.0,20.0,5.0,20.0,53.0,0.0,112.0,84.0,903.0,3.0,92.0,69.0,967.0,5.0,37.0,20.0,232.0,0.0,159.0,539.0,2.0,53.0,43.0,255.0,2.0,121.0,402.0,6.0,38.0,32.0,263.0,0.0,132.0,83.0,840.0,7.0,14.0,9.0,57.0,0.0,4119.0,20.0,1205.0,9.0,41.0,14.0,12.5,32.0,1.0,8.0,36.0,1.0,37.0,4.0,0.0,16.0,0.0,0.0,70.0,2.5,1.0,9.0,9.0,0.0,0.0,0.0,5.0,11.0,44.0,3.0,11.0,42.0,66.0,0.0,2.0,15.0,15.0,1.0,26.0,33.0,74.0,3155.0,34.0,2886.0,0.0,0.0,0.0,0.0,38.0,114.0,3.17,1.0,2,0.881,15,0.941,14,0.919,14,0.931,14,0.328,1
New England Patriots,2016,432.0,291.0,3554.0,28.0,2.0,28.0,64.0,0.0,159.0,98.0,1106.0,3.0,58.0,38.0,680.0,4.0,48.0,32.0,401.0,4.0,299.0,1161.0,18.0,8.0,7.0,38.0,0.0,64.0,283.0,0.0,24.0,17.0,94.0,0.0,73.0,55.0,701.0,7.0,38.0,25.0,540.0,3.0,4456.0,32.0,1872.0,19.0,34.0,13.0,5.0,18.0,4.0,4.0,16.0,2.0,24.0,1.5,3.0,21.0,3.0,0.0,21.0,7.0,0.0,1.0,11.0,1.0,1.0,2.0,4.0,17.0,48.0,2.0,11.0,72.0,67.0,1.0,7.0,27.0,32.0,0.844,46.0,49.0,72.0,3217.0,23.0,2983.0,0.0,0.0,0.0,0.0,24.0,74.0,3.88,0.993,15,0.985,15,0.997,16,0.916,16,0.996,16,0.342,1
New Orleans Saints,2016,673.0,471.0,5208.0,37.0,15.0,23.0,20.0,2.0,121.0,92.0,1137.0,9.0,117.0,78.0,1173.0,8.0,104.0,72.0,895.0,4.0,205.0,1043.0,6.0,58.0,46.0,319.0,4.0,133.0,548.0,4.0,26.0,22.0,200.0,1.0,81.0,50.0,631.0,3.0,22.0,15.0,149.0,1.0,5258.0,38.0,1742.0,17.0,30.0,9.0,1.5,18.0,1.0,1.0,8.0,1.0,26.0,6.5,0.0,12.0,4.0,0.0,65.0,1.0,1.0,4.0,45.0,1.0,1.0,2.0,2.0,13.0,41.0,1.0,11.0,24.0,55.0,0.0,4.0,28.0,34.0,0.824,49.0,50.0,57.0,2751.0,22.0,2414.0,0.0,0.0,0.0,0.0,27.0,106.0,4.31,0.973,16,0.966,15,0.987,16,0.349,16,1.0,15,0.301,1
New York Giants,2016,598.0,377.0,4027.0,26.0,16.0,21.0,-9.0,0.0,169.0,101.0,1367.0,10.0,105.0,65.0,683.0,8.0,72.0,39.0,586.0,1.0,181.0,593.0,3.0,42.0,35.0,201.0,1.0,112.0,456.0,0.0,24.0,15.0,162.0,0.0,70.0,48.0,395.0,1.0,22.0,15.0,92.0,1.0,4027.0,26.0,1412.0,6.0,35.0,17.0,8.5,35.0,0.0,7.0,23.0,8.0,28.0,2.5,1.0,18.0,3.0,0.0,86.0,4.0,5.0,13.0,17.0,0.0,0.0,2.0,6.0,21.0,39.0,3.0,18.0,35.0,0.0,0.0,0.0,11.0,12.0,0.917,31.0,35.0,93.0,4297.0,28.0,3807.0,0.0,0.0,0.0,0.0,22.0,85.0,3.55,1.0,16,0.683,10,0.998,16,0.938,14,0.986,16,0.329,1
New York Jets,2016,403.0,228.0,2710.0,12.0,17.0,33.0,130.0,0.0,128.0,59.0,788.0,3.0,105.0,58.0,857.0,4.0,78.0,42.0,587.0,2.0,218.0,813.0,7.0,43.0,30.0,263.0,1.0,131.0,722.0,3.0,74.0,58.0,388.0,2.0,17.0,10.0,110.0,0.0,11.0,8.0,63.0,0.0,3645.0,16.0,1802.0,10.0,27.0,8.0,7.0,34.0,0.0,4.5,31.0,3.0,36.0,1.5,2.0,18.0,3.5,0.0,43.0,1.0,0.0,3.0,15.0,0.0,0.0,0.0,1.0,6.0,39.0,0.0,6.0,19.0,35.0,2.0,3.0,27.0,31.0,0.871,24.0,26.0,75.0,3236.0,24.0,2837.0,0.0,0.0,0.0,0.0,35.0,81.0,4.31,0.908,5,0.889,9,0.959,16,0.937,13,0.836,8,0.3,1
Philadelphia Eagles,2016,607.0,379.0,3782.0,16.0,14.0,46.0,150.0,2.0,74.0,36.0,392.0,2.0,69.0,36.0,365.0,2.0,17.0,13.0,72.0,1.0,155.0,661.0,8.0,14.0,13.0,115.0,1.0,94.0,438.0,2.0,71.0,52.0,427.0,2.0,117.0,73.0,804.0,3.0,106.0,78.0,816.0,4.0,3798.0,16.0,1813.0,16.0,33.0,16.0,5.5,40.0,1.0,2.5,16.0,0.0,26.0,6.5,2.0,16.0,2.5,0.0,53.0,1.0,5.0,11.0,23.0,0.0,0.0,1.0,2.0,16.0,32.0,1.0,11.0,36.0,68.0,3.0,7.0,35.0,41.0,0.854,30.0,31.0,63.0,2888.0,21.0,2566.0,0.0,0.0,0.0,0.0,33.0,90.0,4.14,1.0,6,0.969,16,0.994,14,0.828,12,1.0,16,0.308,2
Pittsburgh Steelers,2016,509.0,328.0,3819.0,29.0,13.0,16.0,14.0,1.0,154.0,106.0,1284.0,12.0,66.0,48.0,594.0,3.0,49.0,21.0,435.0,2.0,261.0,1268.0,7.0,94.0,75.0,616.0,2.0,98.0,343.0,4.0,27.0,18.0,118.0,2.0,60.0,39.0,338.0,3.0,34.0,18.0,304.0,1.0,4377.0,33.0,1760.0,13.0,38.0,13.0,5.0,28.0,1.0,4.5,16.0,1.0,14.0,2.0,0.0,6.0,1.0,1.0,48.0,3.5,3.0,9.0,29.0,2.0,0.0,0.0,0.0,14.0,41.0,3.0,13.0,47.0,51.0,1.0,9.0,21.0,25.0,0.84,37.0,37.0,68.0,3100.0,25.0,2771.0,0.0,0.0,0.0,0.0,21.0,92.0,4.3,1.0,16,0.958,13,0.999,16,0.949,14,0.949,15,0.316,1
San Francisco 49ers,2016,331.0,196.0,2241.0,16.0,4.0,69.0,468.0,2.0,115.0,64.0,667.0,3.0,63.0,37.0,408.0,0.0,49.0,20.0,267.0,3.0,217.0,988.0,6.0,33.0,27.0,163.0,3.0,74.0,196.0,4.0,39.0,29.0,263.0,2.0,50.0,29.0,350.0,3.0,45.0,24.0,391.0,4.0,3166.0,21.0,2019.0,15.0,31.0,10.0,6.0,39.0,4.0,3.0,8.0,0.0,38.0,6.0,1.0,19.0,1.0,0.0,50.0,1.0,1.0,5.0,46.0,3.0,2.0,2.0,1.0,8.0,24.0,0.0,5.0,21.0,87.0,1.0,3.0,18.0,21.0,0.857,33.0,34.0,100.0,4402.0,28.0,3977.0,0.0,0.0,0.0,0.0,47.0,79.0,4.41,1.0,16,0.997,13,1.0,1,1.0,16,0.934,13,0.318,1
Seattle Seahawks,2016,546.0,353.0,4219.0,21.0,11.0,72.0,259.0,1.0,125.0,94.0,1128.0,7.0,89.0,41.0,510.0,1.0,66.0,41.0,597.0,1.0,117.0,469.0,6.0,26.0,20.0,96.0,1.0,109.0,349.0,3.0,17.0,13.0,96.0,0.0,95.0,65.0,923.0,6.0,21.0,15.0,129.0,2.0,4422.0,23.0,1591.0,13.0,42.0,11.0,11.5,19.0,3.0,5.0,22.0,0.0,23.0,1.0,1.0,16.0,0.0,3.0,82.0,4.5,1.0,3.0,23.0,10.0,0.0,0.0,4.0,13.0,38.0,0.0,3.0,35.0,23.0,2.0,10.0,33.0,37.0,0.892,29.0,35.0,71.0,3126.0,26.0,2830.0,0.0,0.0,0.0,0.0,42.0,103.0,3.95,0.929,10,0.879,14,1.0,13,1.0,16,0.997,15,0.334,1
Tampa Bay Buccaneers,2016,567.0,345.0,4090.0,28.0,18.0,53.0,165.0,1.0,173.0,96.0,1321.0,12.0,83.0,55.0,622.0,2.0,40.0,23.0,341.0,2.0,144.0,421.0,3.0,16.0,14.0,134.0,0.0,129.0,560.0,2.0,16.0,13.0,98.0,0.0,81.0,57.0,660.0,8.0,14.0,7.0,59.0,1.0,4165.0,29.0,1616.0,8.0,38.0,17.0,6.5,18.0,1.0,5.5,16.0,2.0,30.0,3.0,0.0,23.0,3.5,0.0,96.0,3.0,1.0,7.0,9.0,0.0,0.0,0.0,4.0,24.0,47.0,1.0,9.0,66.0,72.0,2.0,10.0,22.0,31.0,0.71,32.0,34.0,70.0,3215.0,37.0,2987.0,0.0,0.0,0.0,0.0,35.0,83.0,3.57,0.999,16,0.995,13,0.999,16,0.0,0,0.93,15,0.303,1
Tennessee Titans,2016,451.0,276.0,3426.0,26.0,9.0,60.0,349.0,2.0,108.0,65.0,945.0,9.0,83.0,41.0,522.0,2.0,43.0,29.0,416.0,3.0,293.0,1287.0,9.0,67.0,53.0,377.0,3.0,110.0,490.0,5.0,15.0,13.0,137.0,0.0,102.0,65.0,800.0,7.0,14.0,8.0,83.0,2.0,3720.0,29.0,2187.0,16.0,39.0,12.0,10.5,38.0,4.0,9.0,24.0,1.0,14.0,0.0,0.0,10.0,1.5,0.0,69.0,2.0,1.0,1.0,41.0,2.0,1.0,5.0,3.0,11.0,35.0,2.0,10.0,31.0,57.0,2.0,12.0,22.0,24.0,0.917,39.0,41.0,77.0,3402.0,32.0,2975.0,0.0,0.0,0.0,0.0,28.0,95.0,4.59,0.998,16,0.926,16,1.0,2,0.999,14,0.998,16,0.318,1
Washington Commanders,2016,606.0,406.0,4917.0,25.0,12.0,34.0,96.0,4.0,114.0,79.0,1041.0,3.0,100.0,56.0,1005.0,4.0,99.0,67.0,847.0,7.0,168.0,704.0,6.0,18.0,12.0,82.0,1.0,99.0,460.0,3.0,8.0,8.0,73.0,0.0,89.0,66.0,686.0,6.0,59.0,44.0,583.0,2.0,4948.0,25.0,1696.0,17.0,38.0,13.0,11.0,22.0,2.0,9.0,26.0,1.0,24.0,3.5,2.0,15.0,1.0,3.0,79.0,1.0,0.0,3.0,54.0,0.0,1.0,5.0,3.0,19.0,46.0,3.0,11.0,58.0,51.0,0.0,2.0,34.0,42.0,0.81,36.0,39.0,49.0,2209.0,15.0,1907.0,0.0,0.0,0.0,0.0,23.0,97.0,4.47,0.999,12,0.963,16,0.986,16,0.963,14,0.827,3,0.3,2
Arizona Cardinals,2017,267.0,164.0,1978.0,9.0,7.0,14.0,12.0,0.0,161.0,109.0,1156.0,6.0,69.0,31.0,477.0,4.0,61.0,29.0,508.0,2.0,129.0,448.0,2.0,16.0,9.0,66.0,0.0,120.0,426.0,1.0,15.0,10.0,93.0,0.0,46.0,33.0,322.0,2.0,28.0,12.0,201.0,3.0,3979.0,21.0,1386.0,6.0,37.0,15.0,17.0,50.0,3.0,2.5,22.0,0.0,20.0,5.5,2.0,13.0,0.5,0.0,69.0,1.0,1.0,4.0,28.0,1.0,1.0,3.0,2.0,12.0,39.0,1.0,8.0,30.0,67.0,2.0,7.0,32.0,40.0,0.8,23.0,26.0,88.0,4159.0,29.0,3493.0,0.0,0.0,0.0,0.0,52.0,96.0,3.39,0.995,13,0.802,16,0.93,1,0.928,10,1.0,16,0.32,2
Atlanta Falcons,2017,529.0,342.0,4095.0,20.0,12.0,32.0,143.0,0.0,148.0,88.0,1444.0,3.0,96.0,67.0,703.0,5.0,51.0,33.0,378.0,1.0,196.0,865.0,7.0,47.0,36.0,317.0,1.0,156.0,628.0,5.0,39.0,27.0,299.0,3.0,65.0,49.0,526.0,3.0,14.0,12.0,122.0,1.0,4146.0,21.0,1847.0,12.0,39.0,8.0,9.5,17.0,0.0,6.0,14.0,1.0,31.0,4.0,0.0,20.0,2.5,2.0,85.0,1.0,3.0,10.0,20.0,4.0,0.0,0.0,1.0,20.0,60.0,2.0,12.0,35.0,79.0,1.0,6.0,34.0,39.0,0.872,35.0,35.0,53.0,2379.0,19.0,2160.0,0.0,0.0,0.0,0.0,24.0,81.0,4.3,1.0,16,0.94,14,0.99,16,0.858,13,0.999,16,0.306,1
Baltimore Ravens,2017,549.0,352.0,3141.0,18.0,13.0,25.0,54.0,1.0,92.0,52.0,748.0,4.0,72.0,40.0,440.0,3.0,38.0,18.0,248.0,3.0,212.0,973.0,6.0,36.0,23.0,187.0,0.0,153.0,591.0,4.0,60.0,46.0,250.0,2.0,79.0,61.0,522.0,4.0,37.0,28.0,203.0,0.0,3235.0,20.0,1856.0,14.0,41.0,22.0,11.0,35.0,4.0,8.0,50.0,3.0,32.0,1.0,0.0,23.0,3.5,5.0,94.0,1.0,2.0,7.0,63.0,1.0,0.0,2.0,4.0,12.0,50.0,2.0,11.0,30.0,54.0,1.0,2.0,34.0,37.0,0.919,39.0,39.0,84.0,3765.0,40.0,3428.0,0.0,0.0,0.0,0.0,27.0,100.0,4.03,0.997,16,0.985,15,1.0,16,0.765,2,1.0,16,0.358,1
Buffalo Bills,2017,420.0,263.0,2799.0,14.0,4.0,84.0,427.0,4.0,74.0,27.0,316.0,2.0,51.0,27.0,430.0,1.0,26.0,15.0,196.0,1.0,287.0,1138.0,6.0,77.0,59.0,448.0,2.0,22.0,93.0,0.0,16.0,13.0,93.0,0.0,74.0,49.0,558.0,2.0,36.0,25.0,282.0,1.0,3065.0,16.0,2017.0,12.0,26.0,18.0,4.0,25.0,0.0,4.0,13.0,2.0,16.0,2.0,0.0,15.0,1.0,2.0,68.0,0.0,0.0,3.0,48.0,1.0,0.0,1.0,4.0,18.0,48.0,1.0,9.0,43.0,58.0,5.0,13.0,29.0,33.0,0.879,29.0,29.0,79.0,3529.0,28.0,3199.0,0.0,0.0,0.0,0.0,47.0,71.0,4.14,0.973,16,0.76,16,1.0,4,1.0,12,1.0,16,0.324,1
Carolina Panthers,2017,492.0,291.0,3302.0,22.0,16.0,139.0,754.0,6.0,111.0,63.0,840.0,8.0,51.0,32.0,475.0,2.0,32.0,17.0,202.0,1.0,198.0,680.0,6.0,15.0,8.0,52.0,1.0,117.0,435.0,2.0,113.0,80.0,651.0,5.0,48.0,30.0,437.0,1.0,38.0,17.0,191.0,1.0,3319.0,22.0,2102.0,15.0,50.0,10.0,11.0,21.0,0.0,5.5,10.0,0.0,27.0,11.0,1.0,24.0,7.5,1.0,71.0,1.5,3.0,6.0,4.0,0.0,0.0,0.0,2.0,10.0,65.0,2.0,10.0,50.0,50.0,0.0,3.0,29.0,30.0,0.967,34.0,37.0,71.0,3269.0,25.0,3013.0,0.0,0.0,0.0,0.0,35.0,105.0,4.29,1.0,16,0.998,16,1.0,1,1.0,16,0.89,12,0.325,1
Chicago Bears,2017,330.0,196.0,2193.0,7.0,7.0,41.0,248.0,2.0,91.0,59.0,614.0,1.0,46.0,24.0,376.0,1.0,40.0,23.0,334.0,1.0,276.0,1122.0,9.0,32.0,23.0,125.0,0.0,87.0,370.0,2.0,71.0,53.0,353.0,1.0,35.0,20.0,236.0,2.0,29.0,15.0,180.0,1.0,3085.0,13.0,1788.0,13.0,42.0,8.0,8.5,39.0,0.0,4.5,24.0,2.0,26.0,1.5,0.0,24.0,2.5,0.0,56.0,2.0,1.0,5.0,36.0,2.0,0.0,2.0,2.0,22.0,59.0,0.0,7.0,45.0,60.0,1.0,3.0,11.0,16.0,0.688,26.0,28.0,87.0,4028.0,27.0,3396.0,0.0,0.0,0.0,0.0,39.0,101.0,4.24,1.0,16,0.979,15,0.882,13,0.745,10,0.978,16,0.328,1
Cincinnati Bengals,2017,496.0,297.0,3320.0,25.0,12.0,38.0,99.0,0.0,143.0,75.0,1078.0,8.0,89.0,52.0,548.0,3.0,32.0,22.0,225.0,2.0,178.0,626.0,4.0,34.0,30.0,287.0,0.0,105.0,458.0,2.0,60.0,43.0,389.0,2.0,62.0,42.0,404.0,7.0,15.0,10.0,92.0,1.0,3386.0,25.0,1366.0,6.0,41.0,11.0,8.5,10.0,0.0,7.5,34.0,7.0,28.0,9.0,0.0,12.0,0.0,0.0,15.0,3.0,0.0,2.0,14.0,0.0,0.0,0.0,1.0,14.0,47.0,1.0,14.0,20.0,53.0,1.0,5.0,18.0,20.0,0.9,32.0,34.0,88.0,4101.0,32.0,3631.0,0.0,0.0,0.0,0.0,40.0,100.0,3.62,0.834,14,0.762,8,1.0,16,0.918,13,1.0,16,0.314,1
Cleveland Browns,2017,476.0,255.0,2894.0,11.0,22.0,77.0,419.0,5.0,61.0,27.0,357.0,0.0,58.0,23.0,305.0,2.0,50.0,27.0,312.0,2.0,206.0,853.0,2.0,42.0,28.0,182.0,0.0,82.0,348.0,4.0,93.0,74.0,693.0,3.0,60.0,32.0,386.0,4.0,58.0,33.0,395.0,1.0,3537.0,15.0,1714.0,11.0,34.0,7.0,7.0,19.0,1.0,4.0,49.0,3.0,22.0,2.0,2.0,18.0,0.0,1.0,82.0,3.0,1.0,4.0,18.0,3.0,0.0,5.0,0.0,10.0,46.0,0.0,6.0,29.0,53.0,3.0,14.0,15.0,20.0,0.75,25.0,26.0,81.0,3827.0,24.0,3305.0,0.0,0.0,0.0,0.0,50.0,78.0,4.46,0.981,16,0.941,7,1.0,16,1.0,16,1.0,16,0.294,1
Dallas Cowboys,2017,490.0,308.0,3324.0,22.0,13.0,57.0,357.0,6.0,132.0,69.0,838.0,6.0,78.0,53.0,568.0,0.0,63.0,36.0,314.0,4.0,242.0,983.0,7.0,38.0,26.0,269.0,2.0,115.0,547.0,1.0,9.0,7.0,45.0,0.0,87.0,63.0,560.0,5.0,9.0,4.0,88.0,1.0,3326.0,22.0,2170.0,18.0,38.0,10.0,3.0,15.0,1.0,1.0,12.0,0.0,16.0,4.0,2.0,13.0,7.0,6.0,48.0,1.0,0.0,2.0,45.0,0.0,0.0,2.0,2.0,11.0,42.0,1.0,10.0,45.0,57.0,3.0,5.0,15.0,20.0,0.75,36.0,39.0,66.0,2908.0,34.0,2733.0,0.0,0.0,0.0,0.0,32.0,97.0,4.52,1.0,16,0.878,13,0.957,13,0.95,16,1.0,16,0.325,1
Denver Broncos,2017,349.0,206.0,2285.0,12.0,14.0,31.0,127.0,1.0,140.0,83.0,949.0,5.0,92.0,47.0,555.0,2.0,56.0,29.0,350.0,3.0,245.0,1007.0,3.0,40.0,28.0,224.0,1.0,79.0,299.0,1.0,38.0,30.0,275.0,0.0,31.0,19.0,224.0,2.0,22.0,14.0,191.0,1.0,3668.0,19.0,1852.0,8.0,33.0,10.0,10.0,48.0,3.0,5.5,21.0,3.0,20.0,1.0,0.0,3.0,0.0,0.0,69.0,3.0,0.0,4.0,37.0,1.0,0.0,0.0,1.0,17.0,35.0,1.0,7.0,21.0,49.0,3.0,5.0,24.0,32.0,0.75,27.0,27.0,74.0,3357.0,24.0,3039.0,0.0,0.0,0.0,0.0,52.0,77.0,4.05,0.983,16,0.904,7,0.928,11,0.774,16,1.0,16,0.306,1
Detroit Lions,2017,565.0,371.0,4446.0,29.0,10.0,29.0,98.0,0.0,120.0,92.0,1003.0,5.0,107.0,61.0,1101.0,9.0,49.0,30.0,399.0,1.0,165.0,552.0,4.0,35.0,25.0,162.0,1.0,84.0,286.0,3.0,71.0,53.0,444.0,2.0,86.0,53.0,574.0,4.0,26.0,17.0,177.0,3.0,4470.0,29.0,1221.0,10.0,35.0,19.0,12.0,35.0,0.0,6.5,26.0,0.0,31.0,0.5,6.0,19.0,3.0,0.0,62.0,2.0,1.0,3.0,25.0,0.5,0.0,2.0,8.0,26.0,53.0,0.0,4.0,36.0,55.0,3.0,6.0,30.0,35.0,0.857,40.0,41.0,73.0,3190.0,25.0,2872.0,0.0,0.0,0.0,0.0,47.0,95.0,3.36,0.961,8,0.957,6,1.0,16,1.0,1,0.974,11,0.331,1
Green Bay Packers,2017,316.0,192.0,1836.0,9.0,12.0,36.0,270.0,2.0,117.0,74.0,885.0,10.0,92.0,66.0,653.0,4.0,88.0,53.0,482.0,6.0,153.0,556.0,4.0,34.0,25.0,262.0,2.0,81.0,448.0,4.0,18.0,9.0,22.0,0.0,38.0,24.0,233.0,0.0,35.0,18.0,203.0,1.0,3532.0,25.0,1724.0,13.0,37.0,11.0,7.5,23.0,2.0,7.0,23.0,0.0,27.0,4.5,1.0,10.0,0.0,1.0,84.0,1.0,1.0,8.0,43.0,1.0,0.0,0.0,0.0,6.0,27.0,0.0,5.0,20.0,58.0,3.0,6.0,15.0,19.0,0.789,33.0,35.0,71.0,3155.0,19.0,2951.0,0.0,0.0,0.0,0.0,51.0,85.0,4.47,1.0,3,0.96,12,1.0,14,0.947,15,1.0,16,0.328,3
Houston Texans,2017,223.0,125.0,1412.0,5.0,6.0,4.0,2.0,0.0,174.0,96.0,1378.0,13.0,57.0,29.0,330.0,2.0,50.0,28.0,423.0,7.0,238.0,888.0,3.0,45.0,36.0,327.0,3.0,78.0,327.0,2.0,8.0,6.0,83.0,0.0,52.0,25.0,342.0,1.0,26.0,13.0,158.0,1.0,3644.0,28.0,1842.0,8.0,32.0,11.0,9.5,34.0,2.0,2.0,5.0,0.0,21.0,1.0,0.0,15.0,0.0,0.0,57.0,3.0,0.0,1.0,41.0,1.5,0.0,6.0,2.0,9.0,36.0,0.0,2.0,34.0,49.0,1.0,10.0,20.0,25.0,0.8,32.0,35.0,92.0,4507.0,32.0,3799.0,0.0,0.0,0.0,0.0,54.0,71.0,4.11,1.0,16,0.96,1,0.984,16,0.944,5,0.982,14,0.314,1
Indianapolis Colts,2017,469.0,276.0,3098.0,13.0,7.0,63.0,260.0,4.0,109.0,57.0,966.0,4.0,47.0,26.0,391.0,2.0,44.0,15.0,133.0,0.0,261.0,961.0,3.0,38.0,29.0,245.0,1.0,93.0,358.0,3.0,33.0,21.0,225.0,1.0,108.0,80.0,690.0,4.0,17.0,13.0,121.0,0.0,3226.0,13.0,1661.0,11.0,25.0,13.0,5.5,37.0,3.0,2.0,34.0,2.0,22.0,2.0,3.0,18.0,1.0,0.0,62.0,0.0,0.0,1.0,54.0,1.0,0.0,3.0,3.0,13.0,30.0,1.0,7.0,21.0,22.0,0.0,4.0,29.0,34.0,0.853,22.0,24.0,84.0,3764.0,28.0,3624.0,0.0,0.0,0.0,0.0,56.0,73.0,3.68,1.0,16,0.787,6,1.0,16,0.96,5,0.85,7,0.324,1
Jacksonville Jaguars,2017,523.0,315.0,3687.0,21.0,13.0,57.0,322.0,2.0,96.0,56.0,702.0,3.0,83.0,42.0,748.0,3.0,56.0,39.0,484.0,2.0,268.0,1040.0,9.0,48.0,36.0,302.0,1.0,112.0,382.0,1.0,28.0,21.0,175.0,1.0,48.0,24.0,318.0,5.0,24.0,14.0,149.0,1.0,3716.0,21.0,2262.0,18.0,55.0,21.0,14.5,44.0,3.0,12.0,24.0,0.0,30.0,8.0,3.0,23.0,1.0,6.0,63.0,2.0,0.0,3.0,42.0,1.5,0.0,2.0,6.0,18.0,53.0,4.0,17.0,51.0,57.0,4.0,8.0,19.0,20.0,0.95,37.0,41.0,87.0,3835.0,29.0,3427.0,0.0,0.0,0.0,0.0,24.0,105.0,4.29,0.984,13,0.844,15,0.99,15,0.943,13,0.989,13,0.347,2
Kansas City Chiefs,2017,505.0,341.0,4042.0,26.0,5.0,60.0,355.0,1.0,105.0,75.0,1183.0,7.0,62.0,42.0,554.0,3.0,39.0,21.0,212.0,0.0,272.0,1327.0,8.0,63.0,53.0,455.0,3.0,18.0,72.0,2.0,34.0,27.0,150.0,2.0,122.0,83.0,1038.0,8.0,35.0,18.0,224.0,1.0,4326.0,26.0,1903.0,12.0,31.0,16.0,9.5,41.0,5.0,6.5,19.0,7.0,34.0,1.5,1.0,12.0,0.5,0.0,43.0,0.0,0.0,7.0,29.0,0.0,0.0,2.0,4.0,18.0,44.0,5.0,9.0,40.0,53.0,2.0,4.0,38.0,42.0,0.905,40.0,40.0,65.0,2936.0,29.0,2672.0,0.0,0.0,0.0,0.0,37.0,70.0,4.7,1.0,16,0.938,16,1.0,1,0.912,11,0.891,7,0.338,1
Las Vegas Raiders,2017,515.0,323.0,3496.0,22.0,13.0,23.0,66.0,0.0,101.0,58.0,618.0,8.0,96.0,48.0,680.0,7.0,65.0,43.0,455.0,1.0,207.0,891.0,7.0,31.0,20.0,151.0,0.0,57.0,153.0,2.0,45.0,34.0,197.0,1.0,86.0,54.0,688.0,2.0,13.0,9.0,80.0,0.0,3761.0,23.0,1554.0,13.0,31.0,5.0,10.5,51.0,3.0,0.0,35.0,1.0,21.0,5.0,7.0,21.0,0.5,0.0,43.0,1.5,1.0,2.0,34.0,8.0,0.0,3.0,0.0,7.0,35.0,2.0,4.0,30.0,52.0,1.0,5.0,16.0,21.0,0.762,33.0,34.0,69.0,3270.0,28.0,2945.0,0.0,0.0,0.0,0.0,24.0,73.0,4.2,0.989,14,0.928,14,0.999,16,0.937,15,1.0,16,0.298,1
Los Angeles Chargers,2017,575.0,360.0,4515.0,28.0,10.0,18.0,-2.0,0.0,159.0,102.0,1393.0,6.0,69.0,43.0,728.0,4.0,65.0,34.0,567.0,4.0,284.0,1105.0,8.0,83.0,58.0,476.0,4.0,47.0,260.0,2.0,35.0,27.0,279.0,3.0,62.0,45.0,579.0,4.0,52.0,30.0,316.0,3.0,4551.0,28.0,1595.0,10.0,43.0,18.0,12.5,44.0,1.0,5.0,16.0,0.0,13.0,0.0,0.0,12.0,4.5,1.0,33.0,10.5,0.0,1.0,33.0,0.0,1.0,1.0,4.0,22.0,32.0,2.0,13.0,37.0,54.0,0.0,7.0,9.0,13.0,0.692,37.0,42.0,74.0,3558.0,27.0,3059.0,0.0,0.0,0.0,0.0,18.0,86.0,3.81,0.938,15,0.895,11,0.98,16,0.943,7,0.993,16,0.343,1
Los Angeles Rams,2017,477.0,296.0,3804.0,28.0,7.0,28.0,51.0,1.0,94.0,62.0,869.0,5.0,85.0,56.0,781.0,5.0,70.0,39.0,593.0,8.0,279.0,1305.0,13.0,87.0,64.0,788.0,6.0,63.0,246.0,1.0,11.0,9.0,53.0,0.0,45.0,25.0,295.0,1.0,32.0,16.0,244.0,2.0,4023.0,28.0,1953.0,17.0,48.0,18.0,8.5,21.0,1.0,5.5,15.0,0.0,30.0,11.0,1.0,29.0,4.5,4.0,64.0,1.0,3.0,4.0,58.0,2.0,1.0,10.0,2.0,14.0,54.0,2.0,6.0,7.0,38.0,3.0,9.0,38.0,40.0,0.95,48.0,51.0,65.0,3113.0,30.0,2881.0,0.0,0.0,0.0,0.0,28.0,99.0,4.3,1.0,1,0.996,15,0.999,16,0.976,15,1.0,1,0.324,1
Miami Dolphins,2017,429.0,266.0,2666.0,19.0,14.0,19.0,32.0,0.0,161.0,112.0,987.0,9.0,105.0,58.0,847.0,6.0,96.0,57.0,670.0,1.0,138.0,465.0,0.0,20.0,14.0,67.0,0.0,133.0,644.0,3.0,48.0,32.0,239.0,1.0,62.0,41.0,388.0,3.0,16.0,12.0,107.0,1.0,3792.0,24.0,1388.0,4.0,30.0,9.0,4.5,12.0,1.0,1.0,14.0,0.0,23.0,4.5,2.0,23.0,0.0,1.0,24.0,0.0,0.0,0.0,22.0,10.5,0.0,0.0,4.0,13.0,38.0,2.0,7.0,34.0,87.0,2.0,5.0,21.0,23.0,0.913,26.0,29.0,83.0,3695.0,30.0,3375.0,0.0,0.0,0.0,0.0,33.0,89.0,3.86,0.971,15,0.961,8,0.998,8,0.952,10,0.94,16,0.302,1
Minnesota Vikings,2017,481.0,325.0,3547.0,22.0,7.0,40.0,160.0,1.0,142.0,91.0,1276.0,4.0,95.0,64.0,849.0,8.0,35.0,20.0,200.0,0.0,216.0,842.0,8.0,17.0,15.0,103.0,0.0,150.0,570.0,3.0,68.0,51.0,421.0,2.0,81.0,57.0,532.0,8.0,12.0,10.0,95.0,1.0,3929.0,25.0,1957.0,15.0,36.0,14.0,13.0,30.0,1.0,7.0,26.0,2.0,38.0,3.5,0.0,16.0,2.0,0.0,66.0,1.0,1.0,6.0,9.0,0.0,0.0,0.0,2.0,11.0,56.0,2.0,10.0,42.0,58.0,5.0,12.0,32.0,38.0,0.842,34.0,39.0,71.0,2994.0,29.0,2781.0,0.0,0.0,0.0,0.0,27.0,86.0,3.91,0.959,15,0.903,11,0.998,16,0.917,12,0.99,14,0.41,2
New England Patriots,2017,581.0,385.0,4577.0,32.0,8.0,25.0,28.0,0.0,114.0,65.0,1082.0,7.0,86.0,61.0,659.0,2.0,59.0,34.0,439.0,5.0,180.0,896.0,6.0,35.0,32.0,214.0,3.0,104.0,383.0,5.0,1.0,1.0,15.0,0.0,105.0,69.0,1084.0,8.0,22.0,10.0,86.0,1.0,4619.0,32.0,1889.0,16.0,41.0,12.0,5.0,13.0,1.0,3.5,7.0,2.0,25.0,1.0,1.0,19.0,2.5,0.0,47.0,5.5,0.0,2.0,40.0,6.5,0.0,3.0,2.0,12.0,52.0,2.0,9.0,44.0,76.0,1.0,5.0,37.0,40.0,0.925,45.0,47.0,58.0,2515.0,24.0,2350.0,0.0,0.0,0.0,0.0,35.0,93.0,4.22,0.978,16,0.916,7,0.998,16,0.995,16,0.981,14,0.329,1
New Orleans Saints,2017,536.0,386.0,4334.0,23.0,8.0,33.0,12.0,2.0,149.0,104.0,1245.0,5.0,70.0,53.0,787.0,4.0,37.0,23.0,364.0,3.0,230.0,1124.0,12.0,71.0,58.0,416.0,0.0,120.0,728.0,8.0,100.0,81.0,826.0,5.0,30.0,22.0,295.0,2.0,22.0,16.0,125.0,1.0,4334.0,23.0,2070.0,23.0,42.0,20.0,4.5,26.0,4.0,4.0,6.0,1.0,21.0,0.0,1.0,18.0,2.0,1.0,50.0,2.0,2.0,6.0,48.0,13.0,1.0,11.0,5.0,18.0,43.0,1.0,17.0,45.0,60.0,0.0,2.0,31.0,36.0,0.861,47.0,50.0,60.0,2822.0,26.0,2533.0,0.0,0.0,0.0,0.0,20.0,81.0,4.66,1.0,16,0.818,10,0.934,15,0.909,14,1.0,16,0.331,1
New York Giants,2017,571.0,352.0,3468.0,19.0,13.0,12.0,26.0,1.0,84.0,59.0,731.0,2.0,72.0,36.0,416.0,2.0,41.0,25.0,302.0,3.0,171.0,751.0,5.0,28.0,19.0,116.0,0.0,111.0,476.0,0.0,48.0,34.0,193.0,1.0,115.0,64.0,722.0,6.0,32.0,24.0,235.0,2.0,3680.0,20.0,1549.0,6.0,27.0,13.0,8.5,33.0,5.0,6.5,15.0,1.0,25.0,1.5,3.0,10.0,1.0,1.0,62.0,0.0,2.0,6.0,33.0,0.0,0.0,2.0,3.0,11.0,24.0,3.0,9.0,24.0,0.0,0.0,0.0,18.0,25.0,0.72,20.0,23.0,95.0,4189.0,19.0,3561.0,0.0,0.0,0.0,0.0,35.0,64.0,3.93,1.0,1,0.995,15,0.892,16,0.851,8,0.93,4,0.326,1
New York Jets,2017,397.0,267.0,2926.0,18.0,9.0,37.0,124.0,5.0,114.0,63.0,941.0,7.0,102.0,65.0,810.0,5.0,27.0,22.0,217.0,1.0,178.0,772.0,5.0,33.0,23.0,170.0,0.0,103.0,381.0,2.0,45.0,37.0,293.0,1.0,74.0,50.0,357.0,3.0,11.0,8.0,121.0,1.0,3501.0,19.0,1702.0,13.0,28.0,11.0,5.0,93.0,3.0,3.5,23.0,4.0,29.0,1.5,0.0,19.0,0.0,0.0,63.0,3.0,0.0,3.0,60.0,2.0,0.0,6.0,1.0,9.0,53.0,1.0,8.0,33.0,55.0,2.0,2.0,25.0,30.0,0.833,29.0,29.0,94.0,4378.0,33.0,3807.0,0.0,0.0,0.0,0.0,47.0,95.0,3.99,0.999,16,0.884,12,1.0,16,0.942,13,0.963,15,0.318,1
Philadelphia Eagles,2017,440.0,265.0,3296.0,33.0,7.0,64.0,299.0,0.0,120.0,57.0,789.0,9.0,95.0,62.0,768.0,8.0,68.0,36.0,430.0,2.0,173.0,766.0,2.0,8.0,8.0,50.0,1.0,74.0,321.0,4.0,15.0,10.0,123.0,2.0,110.0,74.0,824.0,8.0,31.0,23.0,248.0,5.0,3967.0,38.0,2115.0,9.0,38.0,19.0,9.5,30.0,2.0,5.0,20.0,0.0,14.0,2.5,0.0,13.0,5.5,2.0,48.0,2.0,0.0,6.0,18.0,0.0,0.0,0.0,4.0,18.0,37.0,3.0,14.0,49.0,58.0,2.0,8.0,26.0,31.0,0.839,40.0,44.0,67.0,3033.0,21.0,2762.0,0.0,0.0,0.0,0.0,36.0,113.0,4.47,0.892,15,0.857,7,0.945,16,0.737,3,0.949,16,0.326,1
Pittsburgh Steelers,2017,562.0,361.0,4259.0,28.0,14.0,28.0,47.0,0.0,163.0,101.0,1533.0,9.0,84.0,50.0,603.0,3.0,79.0,58.0,917.0,7.0,321.0,1291.0,9.0,107.0,86.0,663.0,2.0,32.0,144.0,0.0,1.0,0.0,0.0,0.0,63.0,43.0,372.0,3.0,24.0,14.0,188.0,1.0,4542.0,29.0,1667.0,12.0,56.0,16.0,12.0,26.0,3.0,7.0,38.0,7.0,15.0,2.0,1.0,1.0,0.0,0.0,61.0,0.0,3.0,11.0,57.0,8.0,1.0,1.0,1.0,13.0,44.0,1.0,7.0,18.0,69.0,3.0,8.0,35.0,38.0,0.921,37.0,39.0,64.0,2763.0,26.0,2546.0,0.0,0.0,0.0,0.0,24.0,104.0,3.81,0.974,16,0.87,7,1.0,15,0.94,14,0.989,15,0.328,1
San Francisco 49ers,2017,224.0,123.0,1430.0,4.0,6.0,26.0,136.0,3.0,105.0,56.0,962.0,2.0,67.0,40.0,500.0,0.0,60.0,43.0,430.0,2.0,240.0,938.0,8.0,88.0,59.0,350.0,0.0,105.0,465.0,2.0,36.0,21.0,180.0,1.0,63.0,43.0,515.0,2.0,33.0,21.0,336.0,4.0,4235.0,15.0,1662.0,15.0,30.0,10.0,6.5,9.0,0.0,3.0,27.0,0.0,36.0,3.0,5.0,16.0,1.0,4.0,37.0,1.0,2.0,2.0,37.0,0.5,0.0,1.0,1.0,7.0,19.0,2.0,7.0,26.0,49.0,2.0,4.0,39.0,41.0,0.951,28.0,30.0,75.0,3255.0,31.0,3097.0,0.0,0.0,0.0,0.0,43.0,100.0,4.07,1.0,1,0.97,10,1.0,15,0.985,16,0.999,16,0.314,1
Seattle Seahawks,2017,553.0,339.0,3983.0,34.0,11.0,95.0,586.0,3.0,116.0,75.0,991.0,8.0,80.0,44.0,703.0,6.0,71.0,45.0,555.0,2.0,69.0,179.0,0.0,6.0,6.0,47.0,0.0,68.0,240.0,0.0,18.0,15.0,131.0,0.0,96.0,57.0,520.0,10.0,22.0,15.0,153.0,4.0,3979.0,34.0,1629.0,4.0,39.0,14.0,8.5,25.0,1.0,4.0,10.0,0.0,24.0,1.0,1.0,20.0,1.5,1.0,88.0,1.5,2.0,6.0,18.0,9.0,0.0,2.0,1.0,15.0,49.0,2.0,9.0,31.0,54.0,2.0,7.0,21.0,29.0,0.724,37.0,38.0,92.0,4141.0,29.0,3569.0,0.0,0.0,0.0,0.0,43.0,112.0,3.98,1.0,16,0.999,7,1.0,11,0.971,8,0.995,16,0.342,1
Tampa Bay Buccaneers,2017,442.0,282.0,3504.0,19.0,11.0,33.0,135.0,1.0,136.0,71.0,1001.0,5.0,90.0,50.0,668.0,3.0,83.0,61.0,631.0,1.0,138.0,406.0,3.0,18.0,9.0,84.0,0.0,108.0,423.0,3.0,19.0,16.0,114.0,0.0,77.0,48.0,591.0,6.0,39.0,26.0,432.0,6.0,4607.0,26.0,1450.0,8.0,22.0,13.0,2.5,12.0,1.0,2.0,17.0,0.0,26.0,6.0,1.0,17.0,0.0,0.0,58.0,0.0,3.0,4.0,53.0,1.0,0.0,2.0,3.0,11.0,42.0,0.0,5.0,35.0,55.0,1.0,8.0,19.0,23.0,0.826,28.0,31.0,65.0,2857.0,24.0,2604.0,0.0,0.0,0.0,0.0,40.0,79.0,3.73,0.974,11,0.968,16,0.953,14,0.713,16,0.984,11,0.311,1
Tennessee Titans,2017,453.0,281.0,3232.0,13.0,15.0,60.0,312.0,5.0,87.0,53.0,795.0,4.0,83.0,54.0,563.0,1.0,65.0,34.0,375.0,0.0,184.0,659.0,6.0,47.0,39.0,266.0,1.0,176.0,744.0,5.0,17.0,11.0,136.0,1.0,111.0,74.0,807.0,3.0,30.0,18.0,157.0,2.0,3394.0,14.0,1833.0,18.0,42.0,12.0,7.5,16.0,2.0,7.0,29.0,2.0,19.0,3.5,0.0,13.0,1.0,1.0,78.0,5.0,0.0,5.0,51.0,3.0,0.0,2.0,0.0,17.0,61.0,0.0,11.0,47.0,58.0,8.0,16.0,35.0,42.0,0.833,31.0,33.0,75.0,3728.0,28.0,3342.0,0.0,0.0,0.0,0.0,35.0,91.0,4.14,0.999,16,0.91,16,0.999,16,0.996,14,1.0,16,0.319,1
Washington Commanders,2017,540.0,347.0,4093.0,27.0,13.0,49.0,179.0,4.0,103.0,66.0,789.0,3.0,78.0,35.0,502.0,6.0,65.0,45.0,573.0,4.0,175.0,603.0,1.0,24.0,22.0,182.0,1.0,64.0,294.0,2.0,54.0,39.0,510.0,4.0,69.0,43.0,648.0,3.0,35.0,27.0,211.0,2.0,4093.0,27.0,1448.0,10.0,41.0,16.0,13.0,32.0,1.0,8.0,28.0,3.0,21.0,0.0,1.0,14.0,2.0,0.0,32.0,0.0,0.0,2.0,32.0,0.0,0.0,2.0,1.0,19.0,36.0,4.0,10.0,39.0,54.0,4.0,10.0,14.0,17.0,0.824,36.0,39.0,83.0,3794.0,33.0,3239.0,0.0,0.0,0.0,0.0,41.0,108.0,3.61,0.952,10,0.945,16,0.974,14,0.894,9,0.869,7,0.323,1
Arizona Cardinals,2018,393.0,217.0,2278.0,11.0,14.0,23.0,138.0,0.0,112.0,69.0,734.0,6.0,68.0,43.0,590.0,3.0,46.0,17.0,171.0,1.0,258.0,940.0,7.0,76.0,50.0,446.0,3.0,60.0,208.0,2.0,23.0,20.0,103.0,0.0,69.0,34.0,343.0,1.0,12.0,9.0,94.0,0.0,2884.0,15.0,1342.0,9.0,49.0,7.0,13.0,36.0,4.0,4.5,27.0,1.0,21.0,4.5,1.0,6.0,0.0,0.0,45.0,2.0,0.0,5.0,40.0,0.0,0.0,0.0,2.0,5.0,42.0,1.0,4.0,36.0,94.0,0.0,4.0,7.0,9.0,0.778,23.0,24.0,94.0,4568.0,32.0,4008.0,0.0,0.0,0.0,0.0,52.0,90.0,3.78,1.0,9,0.985,6,0.901,7,0.882,10,1.0,16,0.314,1
Atlanta Falcons,2018,608.0,422.0,4924.0,35.0,7.0,33.0,125.0,3.0,170.0,113.0,1677.0,8.0,94.0,66.0,838.0,4.0,92.0,64.0,821.0,10.0,167.0,800.0,4.0,44.0,32.0,276.0,5.0,90.0,315.0,4.0,32.0,27.0,152.0,0.0,88.0,71.0,660.0,4.0,9.0,9.0,91.0,1.0,4949.0,36.0,1573.0,11.0,37.0,15.0,7.0,15.0,0.0,5.0,15.0,3.0,26.0,6.0,0.0,17.0,6.0,1.0,51.0,0.0,0.0,1.0,36.0,0.0,0.0,2.0,0.0,12.0,53.0,0.0,11.0,42.0,55.0,7.0,10.0,20.0,21.0,0.952,41.0,43.0,60.0,2729.0,22.0,2485.0,0.0,0.0,0.0,0.0,42.0,77.0,4.48,0.998,16,0.806,16,0.914,7,0.595,2,0.998,16,0.357,3
Baltimore Ravens,2018,379.0,232.0,2465.0,12.0,6.0,19.0,45.0,0.0,100.0,54.0,607.0,3.0,97.0,42.0,715.0,5.0,95.0,62.0,651.0,1.0,137.0,718.0,2.0,2.0,2.0,20.0,0.0,114.0,411.0,7.0,21.0,15.0,105.0,1.0,50.0,34.0,552.0,3.0,37.0,23.0,213.0,0.0,3708.0,18.0,2441.0,19.0,42.0,12.0,8.5,24.0,2.0,7.0,22.0,6.0,18.0,0.0,1.0,13.0,1.0,5.0,65.0,0.5,1.0,5.0,37.0,5.5,1.0,3.0,2.0,15.0,29.0,2.0,11.0,39.0,51.0,1.0,6.0,35.0,39.0,0.897,36.0,37.0,60.0,2842.0,27.0,2427.0,0.0,0.0,0.0,0.0,32.0,104.0,4.46,1.0,1,0.962,15,0.98,16,0.913,9,1.0,16,0.312,1
Buffalo Bills,2018,319.0,168.0,2044.0,10.0,12.0,89.0,631.0,8.0,102.0,56.0,652.0,7.0,62.0,23.0,354.0,1.0,44.0,27.0,541.0,3.0,161.0,514.0,3.0,46.0,34.0,238.0,0.0,115.0,385.0,1.0,20.0,12.0,175.0,0.0,36.0,21.0,184.0,0.0,35.0,22.0,259.0,1.0,3052.0,13.0,1984.0,15.0,36.0,16.0,7.0,22.0,1.0,6.5,48.0,9.0,18.0,5.0,1.0,16.0,0.0,0.0,70.0,2.0,2.0,12.0,9.0,1.0,0.0,1.0,2.0,8.0,41.0,0.0,3.0,12.0,58.0,4.0,6.0,22.0,27.0,0.815,25.0,26.0,81.0,3513.0,31.0,3076.0,0.0,0.0,0.0,0.0,41.0,87.0,4.24,0.998,16,0.961,16,0.891,15,0.874,8,0.891,10,0.324,1
Carolina Panthers,2018,471.0,320.0,3395.0,24.0,13.0,101.0,488.0,4.0,82.0,55.0,788.0,2.0,79.0,44.0,549.0,4.0,65.0,39.0,494.0,5.0,219.0,1098.0,7.0,124.0,107.0,867.0,6.0,24.0,104.0,0.0,3.0,1.0,24.0,1.0,49.0,36.0,333.0,2.0,38.0,27.0,291.0,4.0,4071.0,28.0,2136.0,17.0,34.0,13.0,5.0,11.0,6.0,3.5,48.0,1.0,25.0,3.0,1.0,19.0,9.0,0.0,87.0,2.0,1.0,6.0,6.0,0.0,0.0,0.0,1.0,15.0,53.0,4.0,9.0,55.0,50.0,1.0,5.0,14.0,16.0,0.875,37.0,41.0,61.0,2759.0,24.0,2498.0,0.0,0.0,0.0,0.0,32.0,71.0,5.13,0.995,16,0.845,15,1.0,16,0.911,13,0.97,16,0.301,1
Chicago Bears,2018,434.0,289.0,3223.0,24.0,12.0,68.0,421.0,3.0,94.0,55.0,754.0,4.0,93.0,67.0,688.0,2.0,54.0,33.0,423.0,7.0,250.0,935.0,9.0,27.0,20.0,145.0,0.0,99.0,444.0,3.0,91.0,71.0,725.0,5.0,76.0,54.0,569.0,6.0,6.0,5.0,48.0,1.0,3747.0,28.0,1938.0,16.0,50.0,27.0,12.5,33.0,4.0,7.5,35.0,5.0,23.0,3.0,0.0,20.0,3.0,0.0,82.0,5.0,1.0,5.0,67.0,2.0,2.0,6.0,7.0,21.0,42.0,3.0,12.0,54.0,55.0,2.0,9.0,23.0,30.0,0.767,42.0,45.0,62.0,2791.0,28.0,2501.0,0.0,0.0,0.0,0.0,33.0,100.0,4.14,0.994,16,0.993,16,0.915,8,0.808,10,1.0,16,0.328,1
Cincinnati Bengals,2018,365.0,226.0,2566.0,21.0,11.0,16.0,99.0,0.0,108.0,76.0,1028.0,7.0,77.0,46.0,694.0,6.0,58.0,21.0,210.0,7.0,237.0,1168.0,8.0,55.0,43.0,296.0,1.0,56.0,211.0,3.0,48.0,35.0,218.0,0.0,64.0,43.0,439.0,3.0,19.0,15.0,179.0,1.0,3569.0,27.0,1682.0,13.0,34.0,12.0,8.0,31.0,8.0,6.0,27.0,2.0,21.0,10.0,0.0,21.0,2.5,0.0,35.0,0.0,0.0,1.0,27.0,0.0,2.0,4.0,0.0,13.0,32.0,0.0,9.0,34.0,78.0,5.0,9.0,19.0,23.0,0.826,39.0,41.0,71.0,3119.0,29.0,2839.0,0.0,0.0,0.0,0.0,37.0,83.0,4.69,0.998,16,0.964,13,0.974,16,0.965,15,0.925,10,0.306,1
Cleveland Browns,2018,486.0,310.0,3725.0,27.0,14.0,39.0,131.0,0.0,149.0,81.0,976.0,4.0,79.0,43.0,586.0,5.0,53.0,39.0,572.0,4.0,192.0,996.0,8.0,29.0,20.0,149.0,2.0,114.0,382.0,5.0,9.0,6.0,29.0,0.0,88.0,56.0,639.0,4.0,12.0,11.0,117.0,3.0,4261.0,29.0,1893.0,15.0,37.0,17.0,13.5,32.0,3.0,4.5,25.0,4.0,31.0,5.5,0.0,16.0,0.5,0.0,55.0,3.0,1.0,6.0,18.0,0.0,0.0,0.0,3.0,11.0,39.0,1.0,6.0,34.0,71.0,4.0,9.0,17.0,20.0,0.85,28.0,34.0,83.0,3767.0,32.0,3250.0,0.0,0.0,0.0,0.0,38.0,90.0,4.61,1.0,8,0.502,16,1.0,16,1.0,16,1.0,16,0.309,1
Dallas Cowboys,2018,526.0,356.0,3885.0,22.0,8.0,75.0,305.0,6.0,87.0,65.0,672.0,3.0,76.0,53.0,725.0,6.0,68.0,33.0,507.0,2.0,304.0,1434.0,6.0,95.0,77.0,567.0,3.0,44.0,127.0,1.0,12.0,9.0,60.0,0.0,36.0,27.0,307.0,3.0,32.0,26.0,242.0,1.0,3885.0,22.0,1963.0,13.0,39.0,9.0,1.0,23.0,0.0,1.0,8.0,1.0,16.0,5.5,2.0,14.0,1.5,1.0,76.0,4.0,0.0,4.0,38.0,10.5,1.0,1.0,0.0,14.0,54.0,1.0,11.0,55.0,57.0,1.0,5.0,29.0,36.0,0.806,32.0,33.0,60.0,2670.0,17.0,2376.0,0.0,0.0,0.0,0.0,56.0,98.0,4.47,0.999,16,0.99,13,0.956,14,0.866,8,1.0,16,0.315,1
Denver Broncos,2018,586.0,365.0,3890.0,18.0,15.0,26.0,93.0,2.0,98.0,71.0,868.0,4.0,84.0,42.0,704.0,4.0,56.0,36.0,402.0,3.0,192.0,1037.0,9.0,47.0,35.0,241.0,1.0,130.0,521.0,5.0,20.0,14.0,72.0,0.0,48.0,31.0,281.0,2.0,37.0,24.0,250.0,1.0,3930.0,19.0,1907.0,18.0,43.0,17.0,14.5,28.0,3.0,12.0,40.0,1.0,18.0,0.5,2.0,0.0,0.0,0.0,75.0,0.5,1.0,7.0,33.0,0.0,0.0,3.0,1.0,12.0,43.0,3.0,10.0,39.0,68.0,3.0,4.0,20.0,25.0,0.8,35.0,35.0,85.0,3786.0,29.0,3258.0,0.0,0.0,0.0,0.0,34.0,94.0,4.85,0.99,16,0.877,12,0.983,16,0.93,6,0.932,9,0.332,1
Detroit Lions,2018,555.0,367.0,3777.0,21.0,11.0,25.0,71.0,0.0,119.0,70.0,1063.0,5.0,69.0,44.0,517.0,3.0,62.0,35.0,508.0,5.0,154.0,418.0,5.0,15.0,10.0,67.0,0.0,118.0,641.0,3.0,39.0,32.0,213.0,1.0,24.0,21.0,263.0,1.0,20.0,9.0,100.0,3.0,3844.0,22.0,1660.0,11.0,43.0,7.0,7.5,26.0,1.0,7.0,29.0,0.0,30.0,1.0,0.0,29.0,3.5,1.0,68.0,6.0,0.0,5.0,8.0,4.0,0.0,1.0,3.0,17.0,39.0,0.0,5.0,41.0,63.0,3.0,8.0,28.0,32.0,0.875,30.0,30.0,74.0,3310.0,32.0,2898.0,0.0,0.0,0.0,0.0,41.0,77.0,4.11,0.987,16,0.963,15,0.999,16,0.738,16,0.999,16,0.324,1
Green Bay Packers,2018,597.0,372.0,4442.0,25.0,2.0,43.0,269.0,2.0,169.0,111.0,1386.0,13.0,73.0,38.0,581.0,2.0,61.0,38.0,383.0,2.0,133.0,728.0,8.0,35.0,26.0,206.0,1.0,121.0,464.0,3.0,41.0,27.0,210.0,0.0,89.0,55.0,636.0,2.0,25.0,19.0,170.0,1.0,4629.0,25.0,1667.0,14.0,42.0,7.0,3.5,28.0,0.0,3.0,26.0,3.0,31.0,6.0,3.0,15.0,0.0,0.0,78.0,5.0,0.0,3.0,26.0,1.0,0.0,0.0,1.0,11.0,58.0,0.0,10.0,36.0,38.0,0.0,2.0,30.0,37.0,0.811,34.0,36.0,71.0,3176.0,19.0,2790.0,0.0,0.0,0.0,0.0,53.0,74.0,5.01,0.951,16,0.844,14,0.883,15,0.681,12,1.0,16,0.314,1
Houston Texans,2018,505.0,345.0,4165.0,26.0,9.0,99.0,551.0,5.0,163.0,115.0,1572.0,11.0,45.0,32.0,503.0,4.0,41.0,28.0,287.0,1.0,210.0,973.0,5.0,35.0,25.0,163.0,1.0,150.0,499.0,2.0,27.0,20.0,154.0,0.0,43.0,24.0,305.0,0.0,25.0,17.0,225.0,0.0,4165.0,26.0,2021.0,12.0,43.0,15.0,16.0,42.0,4.0,9.0,35.0,1.0,16.0,2.0,0.0,13.0,0.0,0.0,67.0,0.0,1.0,5.0,60.0,1.5,1.0,7.0,2.0,13.0,48.0,0.0,1.0,21.0,69.0,2.0,8.0,37.0,42.0,0.881,39.0,41.0,74.0,3237.0,36.0,2897.0,0.0,0.0,0.0,0.0,62.0,92.0,4.28,0.942,16,0.844,15,0.906,13,0.866,15,1.0,16,0.34,1
Indianapolis Colts,2018,639.0,430.0,4593.0,39.0,15.0,46.0,148.0,0.0,120.0,76.0,1270.0,6.0,72.0,53.0,485.0,2.0,52.0,35.0,334.0,1.0,195.0,908.0,9.0,26.0,17.0,103.0,1.0,85.0,314.0,2.0,81.0,63.0,425.0,2.0,110.0,66.0,750.0,13.0,33.0,26.0,245.0,2.0,4595.0,39.0,1718.0,13.0,38.0,15.0,7.0,93.0,8.0,5.5,29.0,4.0,21.0,9.0,1.0,9.0,0.0,1.0,53.0,1.0,1.0,4.0,11.0,0.0,0.0,1.0,3.0,11.0,53.0,1.0,8.0,55.0,58.0,0.0,3.0,23.0,27.0,0.852,44.0,47.0,57.0,2629.0,24.0,2436.0,0.0,0.0,0.0,0.0,18.0,77.0,4.21,0.99,1,0.977,11,1.0,5,1.0,16,0.916,12,0.317,1
Jacksonville Jaguars,2018,403.0,243.0,2718.0,13.0,11.0,58.0,365.0,1.0,101.0,66.0,717.0,5.0,89.0,48.0,668.0,3.0,70.0,38.0,491.0,1.0,133.0,439.0,5.0,26.0,22.0,185.0,1.0,104.0,414.0,1.0,78.0,55.0,487.0,4.0,38.0,24.0,214.0,0.0,19.0,11.0,90.0,1.0,3431.0,15.0,1723.0,7.0,37.0,11.0,10.5,50.0,2.0,9.5,24.0,1.0,23.0,3.5,1.0,21.0,1.0,1.0,69.0,2.5,1.0,1.0,21.0,1.0,1.0,3.0,3.0,13.0,59.0,1.0,8.0,46.0,41.0,1.0,7.0,19.0,21.0,0.905,22.0,23.0,86.0,3872.0,37.0,3548.0,0.0,0.0,0.0,0.0,53.0,93.0,4.14,0.993,13,0.9,8,0.975,11,0.953,15,0.857,9,0.33,2
Kansas City Chiefs,2018,580.0,383.0,5097.0,50.0,12.0,60.0,272.0,2.0,137.0,87.0,1479.0,12.0,55.0,40.0,519.0,3.0,52.0,32.0,334.0,5.0,181.0,824.0,7.0,35.0,26.0,378.0,7.0,51.0,246.0,2.0,23.0,20.0,224.0,0.0,150.0,103.0,1336.0,10.0,25.0,12.0,164.0,3.0,5126.0,50.0,1855.0,16.0,52.0,15.0,15.5,33.0,5.0,13.0,36.0,0.0,24.0,2.5,0.0,17.0,0.0,0.0,75.0,0.0,0.0,0.0,42.0,0.5,1.0,1.0,4.0,15.0,58.0,2.0,12.0,62.0,61.0,2.0,5.0,24.0,27.0,0.889,65.0,69.0,45.0,2021.0,21.0,1824.0,0.0,0.0,0.0,0.0,26.0,105.0,4.79,1.0,16,0.998,16,0.982,5,0.347,10,0.925,11,0.318,1
Las Vegas Raiders,2018,553.0,381.0,4049.0,19.0,10.0,24.0,47.0,1.0,88.0,63.0,739.0,3.0,64.0,45.0,494.0,2.0,31.0,22.0,280.0,1.0,172.0,723.0,4.0,24.0,18.0,116.0,0.0,90.0,376.0,3.0,20.0,15.0,84.0,0.0,101.0,68.0,896.0,6.0,12.0,7.0,67.0,1.0,4057.0,19.0,1628.0,9.0,13.0,14.0,1.0,16.0,0.0,0.0,21.0,2.0,20.0,4.0,3.0,17.0,2.0,0.0,32.0,0.0,0.0,3.0,29.0,1.0,0.0,3.0,3.0,15.0,24.0,1.0,9.0,48.0,36.0,3.0,6.0,16.0,17.0,0.941,27.0,28.0,70.0,3022.0,17.0,2681.0,0.0,0.0,0.0,0.0,52.0,48.0,4.21,0.963,16,0.823,15,1.0,13,0.975,11,1.0,16,0.295,2
Los Angeles Chargers,2018,508.0,347.0,4308.0,32.0,12.0,18.0,7.0,0.0,136.0,97.0,1196.0,6.0,66.0,43.0,664.0,10.0,65.0,41.0,653.0,5.0,175.0,885.0,10.0,66.0,50.0,490.0,4.0,106.0,554.0,3.0,53.0,39.0,404.0,3.0,45.0,28.0,333.0,2.0,27.0,19.0,210.0,1.0,4316.0,32.0,1873.0,16.0,38.0,13.0,5.5,17.0,0.0,5.0,16.0,1.0,16.0,1.0,1.0,16.0,3.0,3.0,26.0,7.0,1.0,3.0,25.0,0.0,1.0,2.0,0.0,8.0,40.0,0.0,8.0,33.0,67.0,3.0,13.0,15.0,16.0,0.938,36.0,43.0,61.0,2643.0,21.0,2306.0,0.0,0.0,0.0,0.0,34.0,85.0,4.69,0.933,15,0.881,16,1.0,16,0.982,16,0.959,16,0.32,1
Los Angeles Rams,2018,561.0,364.0,4688.0,32.0,12.0,43.0,108.0,2.0,130.0,86.0,1219.0,6.0,117.0,80.0,1204.0,5.0,55.0,40.0,566.0,6.0,256.0,1251.0,17.0,81.0,59.0,580.0,4.0,43.0,299.0,2.0,6.0,4.0,17.0,0.0,50.0,33.0,320.0,3.0,34.0,24.0,292.0,2.0,4730.0,32.0,2231.0,23.0,41.0,18.0,3.0,21.0,1.0,2.0,13.0,1.0,35.0,20.5,1.0,31.0,4.5,4.0,74.0,4.0,3.0,13.0,36.0,1.0,0.0,1.0,3.0,8.0,32.0,1.0,5.0,17.0,55.0,1.0,3.0,27.0,31.0,0.871,51.0,53.0,43.0,1924.0,21.0,1780.0,0.0,0.0,0.0,0.0,33.0,100.0,4.86,1.0,16,0.946,16,1.0,16,0.971,16,0.958,16,0.296,1
Miami Dolphins,2018,274.0,176.0,1979.0,17.0,9.0,32.0,145.0,0.0,79.0,59.0,575.0,1.0,64.0,37.0,553.0,6.0,47.0,24.0,309.0,1.0,156.0,722.0,0.0,16.0,12.0,124.0,1.0,120.0,535.0,4.0,73.0,53.0,477.0,5.0,32.0,22.0,202.0,0.0,11.0,6.0,50.0,0.0,3309.0,26.0,1738.0,7.0,30.0,21.0,6.5,24.0,0.0,3.0,53.0,3.0,24.0,1.0,0.0,23.0,2.0,0.0,58.0,0.0,0.0,1.0,19.0,6.0,0.0,1.0,7.0,12.0,25.0,1.0,5.0,43.0,59.0,3.0,5.0,18.0,20.0,0.9,35.0,36.0,87.0,3884.0,35.0,3380.0,0.0,0.0,0.0,0.0,52.0,76.0,4.68,0.965,15,0.953,15,1.0,16,1.0,1,0.909,12,0.326,1
Minnesota Vikings,2018,606.0,425.0,4298.0,30.0,10.0,44.0,123.0,1.0,153.0,113.0,1373.0,9.0,149.0,102.0,1021.0,9.0,53.0,35.0,302.0,1.0,140.0,578.0,6.0,26.0,22.0,141.0,0.0,133.0,615.0,2.0,49.0,40.0,305.0,2.0,82.0,64.0,634.0,4.0,7.0,5.0,77.0,0.0,4298.0,30.0,1493.0,9.0,50.0,12.0,14.5,47.0,0.0,5.5,19.0,1.0,30.0,1.0,0.0,25.0,4.5,0.0,58.0,1.0,2.0,7.0,28.0,2.0,0.0,0.0,0.0,10.0,33.0,1.0,8.0,33.0,67.0,3.0,6.0,21.0,28.0,0.75,36.0,37.0,72.0,3255.0,27.0,3027.0,0.0,0.0,0.0,0.0,40.0,94.0,4.18,0.945,13,0.828,15,0.996,16,0.904,14,0.952,14,0.31,1
New England Patriots,2018,570.0,375.0,4355.0,29.0,11.0,23.0,35.0,2.0,108.0,74.0,850.0,6.0,68.0,40.0,720.0,3.0,55.0,35.0,532.0,3.0,209.0,931.0,6.0,11.0,7.0,50.0,0.0,94.0,425.0,5.0,123.0,87.0,751.0,7.0,72.0,47.0,682.0,3.0,5.0,4.0,52.0,0.0,4405.0,29.0,2037.0,18.0,30.0,18.0,4.5,15.0,0.0,2.5,9.0,0.0,21.0,1.0,0.0,15.0,0.0,0.0,53.0,3.5,1.0,2.0,28.0,7.5,0.0,2.0,2.0,20.0,39.0,0.0,1.0,9.0,56.0,1.0,4.0,27.0,32.0,0.844,49.0,50.0,64.0,2885.0,21.0,2530.0,0.0,0.0,0.0,0.0,21.0,100.0,4.26,0.972,16,0.907,13,1.0,16,0.973,14,0.986,16,0.326,1
New Orleans Saints,2018,489.0,364.0,3992.0,32.0,5.0,31.0,22.0,4.0,147.0,125.0,1405.0,9.0,44.0,28.0,427.0,5.0,30.0,17.0,209.0,2.0,194.0,883.0,14.0,105.0,81.0,709.0,4.0,138.0,645.0,6.0,27.0,21.0,170.0,1.0,46.0,35.0,400.0,2.0,24.0,16.0,185.0,1.0,4174.0,33.0,2025.0,26.0,49.0,12.0,5.0,70.0,4.0,4.5,11.0,2.0,25.0,8.0,1.0,22.0,4.5,1.0,41.0,2.0,1.0,2.0,35.0,12.0,0.0,6.0,2.0,12.0,47.0,2.0,9.0,42.0,57.0,0.0,3.0,28.0,30.0,0.933,52.0,53.0,43.0,1996.0,15.0,1856.0,0.0,0.0,0.0,0.0,20.0,98.0,4.3,1.0,1,0.998,15,0.983,15,0.524,11,0.968,16,0.312,1
New York Giants,2018,576.0,380.0,4299.0,21.0,11.0,15.0,20.0,1.0,124.0,77.0,1052.0,6.0,107.0,66.0,872.0,4.0,27.0,16.0,199.0,1.0,261.0,1307.0,11.0,121.0,91.0,721.0,4.0,51.0,176.0,1.0,22.0,14.0,89.0,0.0,64.0,45.0,577.0,3.0,34.0,25.0,272.0,1.0,4405.0,23.0,1650.0,13.0,30.0,16.0,7.0,20.0,1.0,5.5,23.0,2.0,10.0,0.0,0.0,10.0,2.0,0.0,59.0,0.0,0.0,4.0,44.0,1.0,5.0,8.0,2.0,15.0,55.0,1.0,6.0,43.0,56.0,4.0,5.0,32.0,33.0,0.97,31.0,32.0,71.0,3226.0,20.0,2969.0,0.0,0.0,0.0,0.0,47.0,84.0,4.66,1.0,16,0.847,16,1.0,8,1.0,16,0.83,2,0.298,1
New York Jets,2018,414.0,239.0,2865.0,17.0,15.0,43.0,135.0,1.0,94.0,50.0,752.0,6.0,76.0,37.0,371.0,1.0,68.0,38.0,449.0,1.0,143.0,685.0,6.0,28.0,21.0,152.0,0.0,92.0,276.0,3.0,31.0,19.0,193.0,1.0,56.0,39.0,502.0,4.0,25.0,14.0,114.0,1.0,3404.0,18.0,1619.0,11.0,39.0,13.0,7.0,20.0,4.0,7.0,22.0,0.0,19.0,0.0,1.0,13.0,0.0,1.0,82.0,3.5,1.0,12.0,76.0,3.0,1.0,6.0,2.0,14.0,42.0,0.0,8.0,51.0,30.0,1.0,2.0,33.0,36.0,0.917,30.0,33.0,82.0,3763.0,23.0,3345.0,0.0,0.0,0.0,0.0,37.0,114.0,3.96,1.0,16,0.966,14,1.0,16,1.0,10,0.98,13,0.306,1
Philadelphia Eagles,2018,401.0,279.0,3074.0,21.0,7.0,34.0,93.0,0.0,97.0,64.0,736.0,4.0,92.0,65.0,843.0,6.0,44.0,30.0,278.0,1.0,120.0,511.0,3.0,13.0,7.0,58.0,0.0,87.0,364.0,3.0,35.0,28.0,230.0,2.0,156.0,116.0,1163.0,8.0,44.0,33.0,334.0,4.0,4524.0,29.0,1570.0,12.0,44.0,10.0,9.0,22.0,1.0,6.5,14.0,0.0,31.0,10.5,1.0,11.0,1.0,1.0,56.0,3.0,0.0,5.0,13.0,0.0,1.0,2.0,1.0,12.0,35.0,0.0,9.0,31.0,74.0,1.0,8.0,26.0,31.0,0.839,33.0,35.0,61.0,2937.0,24.0,2603.0,0.0,0.0,0.0,0.0,40.0,133.0,3.94,0.929,15,0.814,16,0.996,16,0.663,13,0.935,16,0.299,1
Pittsburgh Steelers,2018,675.0,452.0,5129.0,34.0,16.0,31.0,98.0,3.0,168.0,104.0,1297.0,15.0,166.0,111.0,1426.0,7.0,44.0,36.0,253.0,1.0,215.0,973.0,12.0,71.0,55.0,497.0,1.0,56.0,256.0,0.0,29.0,26.0,199.0,3.0,72.0,50.0,610.0,4.0,39.0,30.0,423.0,2.0,5174.0,35.0,1445.0,16.0,51.0,8.0,13.0,43.0,3.0,8.0,24.0,3.0,27.0,6.5,1.0,2.0,1.0,0.0,41.0,4.5,1.0,2.0,40.0,2.5,0.0,3.0,2.0,12.0,44.0,1.0,8.0,42.0,54.0,1.0,7.0,13.0,20.0,0.65,44.0,49.0,64.0,2780.0,28.0,2455.0,0.0,0.0,0.0,0.0,24.0,115.0,4.19,1.0,16,1.0,5,1.0,16,0.989,14,0.986,16,0.302,1
San Francisco 49ers,2018,274.0,176.0,2277.0,13.0,10.0,18.0,-16.0,0.0,67.0,42.0,487.0,4.0,46.0,24.0,286.0,1.0,45.0,27.0,467.0,5.0,153.0,814.0,3.0,31.0,27.0,261.0,2.0,111.0,428.0,2.0,13.0,8.0,73.0,0.0,136.0,88.0,1377.0,5.0,8.0,5.0,90.0,2.0,4247.0,26.0,1902.0,7.0,36.0,2.0,5.5,21.0,0.0,3.0,29.0,0.0,36.0,12.0,3.0,13.0,0.0,0.0,70.0,0.0,0.0,6.0,22.0,5.5,0.0,0.0,0.0,4.0,29.0,0.0,4.0,30.0,28.0,1.0,7.0,33.0,34.0,0.971,27.0,29.0,68.0,2973.0,22.0,2698.0,0.0,0.0,0.0,0.0,48.0,92.0,4.5,0.997,16,0.946,16,0.97,16,0.945,16,0.979,15,0.3,2
Seattle Seahawks,2018,427.0,280.0,3448.0,35.0,7.0,67.0,376.0,0.0,73.0,50.0,618.0,5.0,70.0,57.0,965.0,10.0,53.0,26.0,445.0,5.0,247.0,1151.0,9.0,24.0,20.0,163.0,0.0,112.0,514.0,4.0,42.0,34.0,214.0,1.0,43.0,29.0,269.0,3.0,14.0,8.0,156.0,2.0,3448.0,35.0,2560.0,15.0,40.0,12.0,3.0,14.0,2.0,3.0,8.0,0.0,32.0,10.5,0.0,11.0,0.0,0.0,72.0,1.0,1.0,11.0,32.0,13.0,1.0,2.0,1.0,10.0,40.0,2.0,8.0,54.0,64.0,3.0,9.0,22.0,27.0,0.815,48.0,51.0,78.0,3759.0,28.0,3355.0,0.0,0.0,0.0,0.0,51.0,109.0,4.79,1.0,15,0.998,16,0.951,15,0.911,10,0.927,16,0.352,1
Tampa Bay Buccaneers,2018,378.0,244.0,2992.0,19.0,14.0,49.0,281.0,1.0,138.0,86.0,1524.0,8.0,105.0,76.0,816.0,5.0,95.0,59.0,842.0,7.0,234.0,871.0,5.0,29.0,20.0,92.0,1.0,33.0,106.0,1.0,45.0,38.0,304.0,0.0,49.0,30.0,289.0,6.0,48.0,34.0,565.0,5.0,5358.0,36.0,1523.0,11.0,38.0,9.0,12.5,39.0,2.0,3.5,86.0,2.0,18.0,3.0,0.0,15.0,6.0,1.0,36.0,1.0,1.0,5.0,33.0,1.0,0.0,2.0,0.0,6.0,37.0,1.0,6.0,28.0,53.0,0.0,4.0,11.0,15.0,0.733,40.0,44.0,57.0,2567.0,15.0,2256.0,0.0,0.0,0.0,0.0,41.0,93.0,3.92,1.0,16,0.958,15,0.336,7,0.257,6,1.0,16,0.287,1
Tennessee Titans,2018,331.0,228.0,2528.0,11.0,8.0,64.0,357.0,2.0,112.0,65.0,891.0,4.0,56.0,37.0,466.0,1.0,47.0,26.0,316.0,2.0,215.0,1059.0,12.0,18.0,15.0,99.0,0.0,155.0,517.0,1.0,67.0,59.0,400.0,1.0,30.0,20.0,258.0,3.0,21.0,15.0,165.0,2.0,3255.0,16.0,2023.0,15.0,39.0,11.0,7.0,27.0,0.0,3.5,12.0,0.0,15.0,0.0,1.0,8.0,1.0,2.0,52.0,6.0,1.0,6.0,48.0,4.5,0.0,2.0,3.0,12.0,55.0,2.0,10.0,61.0,53.0,4.0,8.0,26.0,30.0,0.867,28.0,31.0,74.0,3483.0,39.0,3127.0,0.0,0.0,0.0,0.0,47.0,84.0,4.46,0.917,15,0.903,9,0.99,16,0.933,15,1.0,16,0.333,1
Washington Commanders,2018,328.0,205.0,2180.0,10.0,5.0,41.0,168.0,1.0,78.0,44.0,532.0,2.0,49.0,29.0,388.0,2.0,47.0,28.0,304.0,0.0,251.0,1042.0,7.0,26.0,20.0,208.0,1.0,43.0,178.0,0.0,55.0,41.0,268.0,1.0,84.0,54.0,558.0,2.0,36.0,25.0,367.0,2.0,3287.0,16.0,1774.0,12.0,46.0,15.0,13.0,29.0,1.0,8.0,29.0,0.0,26.0,5.0,3.0,19.0,7.5,0.0,64.0,1.0,2.0,4.0,18.0,1.0,0.0,3.0,3.0,9.0,36.0,2.0,9.0,29.0,50.0,0.0,3.0,26.0,29.0,0.897,25.0,26.0,79.0,3581.0,41.0,3278.0,0.0,0.0,0.0,0.0,44.0,94.0,4.29,0.971,13,0.944,16,0.936,8,0.808,5,1.0,16,0.343,2
Arizona Cardinals,2019,542.0,349.0,3722.0,20.0,12.0,93.0,544.0,4.0,109.0,75.0,804.0,4.0,108.0,68.0,709.0,3.0,46.0,32.0,359.0,1.0,123.0,643.0,8.0,35.0,28.0,171.0,0.0,94.0,345.0,2.0,47.0,36.0,370.0,4.0,24.0,18.0,237.0,1.0,19.0,15.0,202.0,1.0,3797.0,20.0,1990.0,18.0,40.0,7.0,19.0,37.0,5.0,5.5,18.0,0.0,2.0,0.0,0.0,2.0,0.0,0.0,83.0,1.5,3.0,6.0,36.0,0.0,0.0,0.0,1.0,10.0,63.0,2.0,7.0,45.0,91.0,0.0,6.0,31.0,35.0,0.886,34.0,35.0,69.0,3288.0,23.0,2904.0,0.0,0.0,0.0,0.0,50.0,91.0,5.03,0.998,16,0.919,14,0.975,16,0.953,16,0.994,16,0.314,1
Atlanta Falcons,2019,616.0,408.0,4466.0,26.0,14.0,34.0,147.0,1.0,157.0,99.0,1394.0,6.0,93.0,63.0,866.0,7.0,74.0,49.0,446.0,1.0,184.0,656.0,2.0,70.0,59.0,410.0,4.0,78.0,323.0,2.0,14.0,10.0,69.0,1.0,97.0,75.0,787.0,6.0,14.0,8.0,53.0,0.0,5049.0,29.0,1361.0,10.0,28.0,12.0,8.0,26.0,2.0,4.0,11.0,0.0,35.0,7.5,0.0,24.0,1.0,0.0,59.0,0.0,1.0,5.0,35.0,0.0,0.0,0.0,4.0,7.0,13.0,0.0,0.0,0.0,50.0,2.0,8.0,23.0,26.0,0.885,29.0,31.0,52.0,2210.0,22.0,2017.0,0.0,0.0,0.0,0.0,50.0,69.0,3.76,0.999,16,0.946,16,0.866,11,0.837,10,0.993,16,0.286,1
Baltimore Ravens,2019,401.0,265.0,3127.0,36.0,6.0,176.0,1206.0,7.0,71.0,46.0,584.0,7.0,46.0,31.0,339.0,5.0,35.0,21.0,271.0,2.0,202.0,1018.0,10.0,29.0,26.0,247.0,5.0,133.0,711.0,2.0,7.0,7.0,45.0,0.0,98.0,64.0,852.0,10.0,43.0,31.0,321.0,2.0,3350.0,37.0,3296.0,21.0,37.0,13.0,9.5,39.0,0.0,1.0,12.0,0.0,16.0,0.5,0.0,16.0,1.5,2.0,42.0,3.0,0.0,1.0,21.0,1.0,2.0,4.0,3.0,14.0,50.0,3.0,10.0,29.0,41.0,1.0,9.0,28.0,29.0,0.966,57.0,59.0,40.0,1855.0,21.0,1632.0,0.0,0.0,0.0,0.0,28.0,111.0,5.53,1.0,16,0.958,14,0.931,15,0.587,11,1.0,16,0.307,1
Buffalo Bills,2019,461.0,271.0,3089.0,20.0,9.0,109.0,510.0,9.0,115.0,72.0,1060.0,6.0,106.0,67.0,778.0,6.0,39.0,27.0,254.0,1.0,166.0,599.0,2.0,16.0,13.0,100.0,0.0,151.0,775.0,2.0,41.0,29.0,194.0,2.0,50.0,28.0,388.0,2.0,14.0,6.0,71.0,1.0,3476.0,21.0,2054.0,13.0,44.0,14.0,6.5,19.0,2.0,5.0,21.0,3.0,19.0,9.5,0.0,19.0,5.0,2.0,47.0,1.5,1.0,9.0,6.0,0.0,0.0,0.0,6.0,17.0,44.0,0.0,5.0,22.0,55.0,2.0,3.0,22.0,28.0,0.786,30.0,32.0,79.0,3313.0,34.0,3016.0,0.0,0.0,0.0,0.0,40.0,92.0,4.42,0.951,16,0.689,16,0.996,16,0.892,16,0.853,16,0.342,1
Carolina Panthers,2019,489.0,303.0,3322.0,17.0,16.0,32.0,106.0,2.0,135.0,87.0,1175.0,4.0,105.0,54.0,627.0,6.0,58.0,28.0,296.0,0.0,287.0,1387.0,15.0,142.0,116.0,1005.0,4.0,16.0,116.0,1.0,9.0,6.0,57.0,0.0,82.0,52.0,597.0,2.0,30.0,16.0,136.0,1.0,4134.0,17.0,1819.0,20.0,53.0,14.0,3.0,73.0,3.0,0.0,2.0,0.0,22.0,6.0,0.0,19.0,9.5,0.0,75.0,0.0,2.0,12.0,21.0,0.5,0.0,0.0,3.0,12.0,51.0,2.0,8.0,44.0,91.0,0.0,6.0,25.0,32.0,0.781,31.0,35.0,75.0,3452.0,25.0,2905.0,0.0,0.0,0.0,0.0,58.0,108.0,4.71,0.994,16,0.802,4,0.965,13,0.935,11,0.981,16,0.3,1
Chicago Bears,2019,516.0,326.0,3138.0,17.0,10.0,48.0,193.0,2.0,154.0,98.0,1147.0,7.0,85.0,52.0,656.0,2.0,48.0,29.0,353.0,4.0,242.0,889.0,6.0,35.0,25.0,185.0,1.0,64.0,213.0,0.0,104.0,79.0,456.0,3.0,24.0,14.0,84.0,0.0,13.0,9.0,74.0,0.0,3573.0,20.0,1458.0,8.0,32.0,10.0,8.5,38.0,4.0,3.0,27.0,1.0,24.0,6.0,2.0,20.0,1.0,0.0,65.0,2.0,1.0,2.0,54.0,3.0,1.0,4.0,3.0,12.0,71.0,0.0,10.0,42.0,59.0,2.0,5.0,23.0,28.0,0.821,27.0,29.0,80.0,3586.0,26.0,3299.0,0.0,0.0,0.0,0.0,45.0,79.0,3.69,0.997,16,0.949,10,1.0,16,1.0,4,1.0,16,0.336,1
Cincinnati Bengals,2019,528.0,314.0,3494.0,16.0,14.0,32.0,73.0,4.0,148.0,90.0,1046.0,5.0,80.0,40.0,575.0,1.0,78.0,43.0,529.0,0.0,278.0,1137.0,5.0,45.0,35.0,287.0,3.0,53.0,170.0,0.0,43.0,30.0,234.0,0.0,63.0,43.0,436.0,3.0,40.0,27.0,242.0,2.0,3994.0,18.0,1517.0,9.0,31.0,11.0,9.0,36.0,8.0,8.5,45.0,3.0,18.0,4.5,0.0,18.0,1.0,0.0,48.0,0.0,0.0,0.0,23.0,0.0,0.0,0.0,1.0,7.0,29.0,4.0,7.0,4.0,77.0,1.0,3.0,27.0,31.0,0.871,24.0,25.0,75.0,3394.0,30.0,3158.0,0.0,0.0,0.0,0.0,48.0,86.0,3.94,0.99,16,0.723,6,0.907,3,0.901,13,0.999,16,0.302,1
Cleveland Browns,2019,534.0,317.0,3827.0,22.0,21.0,28.0,141.0,3.0,138.0,83.0,1174.0,6.0,133.0,74.0,1035.0,4.0,24.0,12.0,200.0,1.0,298.0,1494.0,8.0,49.0,36.0,278.0,0.0,43.0,179.0,2.0,44.0,37.0,285.0,1.0,27.0,15.0,149.0,3.0,22.0,14.0,229.0,4.0,3847.0,22.0,1901.0,15.0,38.0,14.0,10.0,19.0,0.0,4.0,17.0,1.0,39.0,3.0,4.0,32.0,5.5,1.0,84.0,2.0,4.0,9.0,52.0,1.0,1.0,7.0,2.0,11.0,36.0,1.0,3.0,17.0,44.0,0.0,6.0,25.0,29.0,0.862,30.0,35.0,64.0,2950.0,29.0,2699.0,0.0,0.0,0.0,0.0,41.0,82.0,4.84,0.974,14,0.885,15,1.0,16,0.427,16,1.0,16,0.303,1
Dallas Cowboys,2019,596.0,388.0,4902.0,30.0,11.0,52.0,277.0,3.0,119.0,79.0,1189.0,8.0,113.0,66.0,1107.0,6.0,83.0,55.0,828.0,3.0,301.0,1357.0,12.0,71.0,54.0,420.0,2.0,86.0,455.0,2.0,20.0,15.0,107.0,1.0,83.0,63.0,529.0,4.0,41.0,31.0,365.0,3.0,4902.0,30.0,2153.0,18.0,39.0,7.0,11.5,25.0,3.0,4.0,20.0,0.0,14.0,4.0,0.0,10.0,0.0,0.0,80.0,2.5,1.0,9.0,29.0,5.0,0.0,2.0,1.0,14.0,46.0,0.0,6.0,33.0,51.0,2.0,5.0,20.0,30.0,0.667,46.0,46.0,50.0,2079.0,18.0,1885.0,0.0,0.0,0.0,0.0,23.0,90.0,4.8,0.986,13,0.963,15,0.994,16,0.951,11,0.996,16,0.314,1
Denver Broncos,2019,262.0,171.0,1822.0,6.0,5.0,12.0,20.0,0.0,124.0,72.0,1112.0,6.0,52.0,28.0,297.0,1.0,44.0,30.0,367.0,2.0,224.0,1011.0,7.0,48.0,35.0,196.0,0.0,132.0,496.0,3.0,50.0,43.0,256.0,1.0,66.0,40.0,562.0,3.0,20.0,14.0,114.0,1.0,3401.0,16.0,1662.0,11.0,40.0,10.0,8.0,30.0,2.0,7.0,22.0,1.0,22.0,0.0,0.0,3.0,0.0,0.0,70.0,0.0,0.0,1.0,46.0,1.5,1.0,3.0,1.0,6.0,43.0,0.0,4.0,30.0,57.0,4.0,15.0,29.0,34.0,0.853,25.0,26.0,78.0,3464.0,29.0,3070.0,0.0,0.0,0.0,0.0,41.0,79.0,4.06,1.0,16,0.881,15,0.986,12,0.967,16,0.999,16,0.331,1
Detroit Lions,2019,291.0,187.0,2499.0,19.0,5.0,20.0,66.0,0.0,116.0,65.0,1190.0,11.0,97.0,62.0,678.0,1.0,91.0,62.0,779.0,9.0,113.0,403.0,3.0,15.0,10.0,127.0,1.0,89.0,377.0,1.0,4.0,1.0,5.0,0.0,59.0,32.0,367.0,2.0,28.0,16.0,173.0,1.0,4187.0,28.0,1649.0,7.0,28.0,7.0,7.0,41.0,0.0,2.0,26.0,4.0,28.0,1.5,3.0,26.0,2.0,3.0,33.0,2.0,1.0,2.0,32.0,7.0,0.0,0.0,2.0,13.0,34.0,1.0,13.0,44.0,62.0,0.0,5.0,26.0,31.0,0.839,35.0,36.0,76.0,3445.0,31.0,3175.0,0.0,0.0,0.0,0.0,43.0,70.0,4.05,0.997,15,0.902,12,0.881,13,0.863,15,0.99,15,0.319,1
Green Bay Packers,2019,569.0,353.0,4002.0,26.0,4.0,46.0,183.0,1.0,127.0,83.0,997.0,5.0,56.0,26.0,452.0,2.0,55.0,34.0,287.0,2.0,236.0,1084.0,16.0,68.0,49.0,474.0,3.0,107.0,460.0,1.0,45.0,39.0,253.0,5.0,60.0,38.0,447.0,3.0,19.0,15.0,156.0,1.0,4017.0,26.0,1795.0,18.0,41.0,17.0,13.5,41.0,0.0,12.0,34.0,4.0,29.0,6.0,1.0,12.0,1.5,0.0,91.0,3.0,1.0,2.0,18.0,0.0,0.0,0.0,2.0,17.0,49.0,5.0,15.0,55.0,64.0,2.0,8.0,22.0,24.0,0.917,40.0,41.0,77.0,3386.0,29.0,3073.0,0.0,0.0,0.0,0.0,36.0,94.0,4.37,0.998,16,0.856,16,0.998,16,0.891,16,0.899,16,0.337,1
Houston Texans,2019,495.0,333.0,3852.0,26.0,12.0,82.0,413.0,7.0,150.0,104.0,1165.0,7.0,71.0,49.0,670.0,3.0,55.0,40.0,561.0,4.0,245.0,1070.0,6.0,16.0,10.0,42.0,0.0,83.0,410.0,2.0,62.0,44.0,410.0,3.0,55.0,36.0,418.0,2.0,48.0,34.0,341.0,7.0,4083.0,27.0,2009.0,17.0,31.0,12.0,7.5,33.0,2.0,4.0,13.0,3.0,23.0,2.5,0.0,8.0,1.0,0.0,85.0,2.0,0.0,2.0,49.0,1.0,0.0,3.0,1.0,13.0,40.0,0.0,11.0,18.0,50.0,2.0,5.0,20.0,25.0,0.8,40.0,45.0,57.0,2599.0,27.0,2477.0,0.0,0.0,0.0,0.0,49.0,91.0,4.63,0.982,14,0.932,8,1.0,1,0.96,15,0.956,16,0.31,1
Indianapolis Colts,2019,447.0,272.0,2942.0,18.0,6.0,56.0,228.0,4.0,72.0,41.0,607.0,5.0,68.0,45.0,501.0,5.0,33.0,17.0,277.0,2.0,247.0,1091.0,8.0,17.0,14.0,82.0,0.0,52.0,199.0,2.0,58.0,44.0,320.0,0.0,72.0,43.0,448.0,4.0,52.0,31.0,375.0,3.0,3314.0,22.0,2130.0,17.0,41.0,15.0,11.0,26.0,0.0,5.0,49.0,7.0,13.0,3.5,4.0,11.0,3.0,1.0,72.0,2.5,1.0,2.0,38.0,1.0,0.0,2.0,3.0,11.0,33.0,0.0,5.0,20.0,45.0,0.0,1.0,17.0,25.0,0.68,33.0,39.0,59.0,2619.0,22.0,2433.0,0.0,0.0,0.0,0.0,32.0,82.0,4.52,1.0,16,0.0,0,1.0,16,0.999,16,0.947,16,0.311,1
Jacksonville Jaguars,2019,470.0,285.0,3271.0,21.0,6.0,67.0,344.0,0.0,118.0,73.0,1008.0,8.0,101.0,66.0,660.0,3.0,90.0,47.0,775.0,5.0,265.0,1152.0,3.0,100.0,76.0,522.0,0.0,35.0,108.0,0.0,24.0,14.0,144.0,2.0,20.0,14.0,153.0,2.0,18.0,12.0,140.0,0.0,4023.0,24.0,1708.0,3.0,46.0,10.0,10.5,29.0,0.0,8.0,34.0,6.0,18.0,2.0,1.0,14.0,2.0,0.0,44.0,2.0,2.0,9.0,37.0,0.5,1.0,4.0,3.0,13.0,40.0,1.0,8.0,48.0,52.0,2.0,4.0,33.0,34.0,0.971,19.0,20.0,75.0,3507.0,25.0,3340.0,0.0,0.0,0.0,0.0,42.0,104.0,4.39,1.0,16,0.899,14,1.0,16,0.719,16,0.997,16,0.315,1
Kansas City Chiefs,2019,484.0,319.0,4031.0,26.0,5.0,43.0,218.0,2.0,90.0,52.0,673.0,3.0,89.0,58.0,860.0,7.0,55.0,32.0,449.0,4.0,111.0,498.0,5.0,37.0,30.0,213.0,2.0,101.0,465.0,4.0,34.0,28.0,181.0,1.0,136.0,97.0,1229.0,5.0,15.0,8.0,67.0,0.0,4690.0,30.0,1569.0,16.0,45.0,16.0,9.0,21.0,4.0,5.5,21.0,3.0,17.0,1.0,1.0,13.0,1.0,0.0,49.0,2.0,0.0,1.0,33.0,0.0,0.0,1.0,2.0,10.0,54.0,2.0,8.0,33.0,59.0,4.0,12.0,34.0,38.0,0.895,45.0,48.0,48.0,2126.0,21.0,1977.0,0.0,0.0,0.0,0.0,25.0,96.0,4.18,0.988,16,0.94,1,0.979,14,0.945,10,0.987,16,0.328,1
Las Vegas Raiders,2019,513.0,361.0,4054.0,21.0,8.0,27.0,82.0,2.0,71.0,49.0,605.0,4.0,64.0,42.0,651.0,6.0,27.0,20.0,147.0,0.0,242.0,1150.0,7.0,27.0,20.0,166.0,0.0,108.0,387.0,3.0,41.0,36.0,292.0,0.0,117.0,90.0,1145.0,3.0,25.0,21.0,174.0,5.0,4110.0,22.0,1893.0,13.0,32.0,9.0,10.0,32.0,4.0,7.0,9.0,0.0,20.0,1.5,1.0,17.0,1.5,0.0,47.0,0.0,1.0,4.0,23.0,0.0,0.0,0.0,1.0,10.0,41.0,1.0,8.0,48.0,57.0,3.0,8.0,19.0,26.0,0.731,34.0,36.0,67.0,3081.0,33.0,2643.0,0.0,0.0,0.0,0.0,29.0,64.0,4.33,1.0,16,0.866,11,1.0,11,1.0,12,0.953,4,0.309,1
Los Angeles Chargers,2019,591.0,390.0,4615.0,23.0,20.0,12.0,29.0,0.0,149.0,104.0,1199.0,6.0,90.0,49.0,1001.0,2.0,17.0,6.0,56.0,0.0,162.0,612.0,8.0,55.0,42.0,296.0,1.0,132.0,557.0,3.0,108.0,92.0,993.0,8.0,76.0,55.0,652.0,5.0,13.0,9.0,78.0,1.0,4648.0,24.0,1453.0,12.0,29.0,11.0,11.5,44.0,0.0,1.0,57.0,2.0,18.0,0.0,1.0,15.0,1.0,0.0,56.0,0.0,0.0,1.0,45.0,0.0,1.0,1.0,2.0,9.0,28.0,2.0,8.0,27.0,32.0,3.0,4.0,13.0,16.0,0.812,35.0,35.0,48.0,2256.0,17.0,1964.0,0.0,0.0,0.0,0.0,34.0,67.0,3.97,0.874,14,0.764,16,1.0,16,0.978,16,0.902,5,0.301,1
Los Angeles Rams,2019,626.0,394.0,4638.0,22.0,16.0,33.0,40.0,2.0,139.0,90.0,1134.0,2.0,134.0,94.0,1161.0,10.0,72.0,42.0,583.0,2.0,223.0,857.0,12.0,49.0,31.0,207.0,2.0,69.0,255.0,5.0,6.0,2.0,16.0,0.0,89.0,69.0,734.0,3.0,60.0,37.0,408.0,2.0,4669.0,22.0,1499.0,20.0,50.0,13.0,11.5,35.0,6.0,8.0,23.0,3.0,28.0,3.0,1.0,25.0,12.5,2.0,68.0,3.5,2.0,9.0,30.0,0.0,0.0,0.0,2.0,8.0,27.0,2.0,4.0,9.0,57.0,0.0,4.0,24.0,33.0,0.727,42.0,42.0,66.0,3128.0,22.0,2838.0,0.0,0.0,0.0,0.0,22.0,93.0,3.74,0.992,16,0.982,9,0.954,15,0.865,6,0.979,8,0.328,1
Miami Dolphins,2019,502.0,311.0,3529.0,20.0,13.0,54.0,243.0,4.0,128.0,72.0,1202.0,9.0,62.0,43.0,351.0,1.0,60.0,32.0,428.0,3.0,74.0,135.0,3.0,24.0,14.0,63.0,0.0,62.0,168.0,1.0,30.0,23.0,204.0,0.0,89.0,51.0,570.0,5.0,14.0,7.0,65.0,0.0,4117.0,22.0,1156.0,10.0,23.0,13.0,5.0,12.0,0.0,1.5,72.0,4.0,28.0,2.0,1.0,23.0,2.0,2.0,29.0,0.0,0.0,1.0,25.0,2.5,1.0,1.0,1.0,8.0,49.0,1.0,6.0,36.0,17.0,0.0,1.0,23.0,30.0,0.767,29.0,30.0,69.0,3105.0,23.0,2836.0,0.0,0.0,0.0,0.0,58.0,64.0,3.31,0.965,8,0.953,15,0.93,16,0.733,3,0.998,13,0.293,1
Minnesota Vikings,2019,444.0,307.0,3603.0,26.0,6.0,31.0,63.0,1.0,94.0,63.0,1130.0,6.0,48.0,30.0,418.0,6.0,45.0,31.0,294.0,3.0,250.0,1135.0,13.0,63.0,53.0,519.0,0.0,100.0,462.0,1.0,12.0,10.0,82.0,0.0,48.0,39.0,367.0,6.0,47.0,36.0,311.0,2.0,3729.0,26.0,2133.0,19.0,48.0,17.0,14.5,49.0,0.0,8.0,25.0,2.0,23.0,3.0,0.0,15.0,3.5,0.0,64.0,0.5,0.0,12.0,33.0,3.0,0.0,0.0,1.0,9.0,39.0,1.0,8.0,54.0,60.0,3.0,11.0,27.0,29.0,0.931,40.0,44.0,62.0,2802.0,24.0,2644.0,0.0,0.0,0.0,0.0,28.0,101.0,4.48,0.996,15,0.899,15,0.953,15,0.879,13,0.959,16,0.321,1
New England Patriots,2019,613.0,373.0,4057.0,24.0,8.0,26.0,34.0,3.0,153.0,100.0,1117.0,6.0,54.0,29.0,397.0,5.0,47.0,26.0,207.0,1.0,247.0,912.0,7.0,20.0,12.0,94.0,0.0,67.0,263.0,1.0,95.0,72.0,645.0,5.0,24.0,17.0,173.0,0.0,24.0,12.0,105.0,2.0,4153.0,25.0,1703.0,17.0,47.0,25.0,7.0,40.0,7.0,5.5,36.0,4.0,24.0,3.0,0.0,23.0,3.0,1.0,32.0,6.5,0.0,3.0,22.0,4.0,1.0,4.0,6.0,20.0,40.0,0.0,1.0,4.0,40.0,5.0,7.0,14.0,17.0,0.824,39.0,45.0,81.0,3638.0,36.0,3343.0,0.0,0.0,0.0,0.0,28.0,102.0,3.81,0.935,15,0.896,8,0.991,16,0.986,15,0.965,15,0.359,1
New Orleans Saints,2019,378.0,281.0,2979.0,27.0,4.0,9.0,-4.0,1.0,185.0,149.0,1725.0,9.0,56.0,30.0,421.0,2.0,25.0,18.0,234.0,5.0,171.0,797.0,5.0,97.0,81.0,533.0,1.0,146.0,637.0,5.0,43.0,34.0,235.0,1.0,65.0,43.0,705.0,9.0,35.0,25.0,226.0,3.0,4431.0,36.0,1738.0,12.0,50.0,13.0,6.0,15.0,0.0,4.5,11.0,0.0,21.0,3.0,1.0,15.0,2.0,1.0,37.0,15.5,0.0,3.0,20.0,1.0,1.0,1.0,1.0,14.0,45.0,0.0,4.0,51.0,62.0,1.0,5.0,32.0,36.0,0.889,48.0,49.0,60.0,2770.0,29.0,2584.0,0.0,0.0,0.0,0.0,25.0,110.0,4.29,0.994,16,0.919,15,0.976,15,0.848,10,0.995,16,0.33,1
New York Giants,2019,459.0,284.0,3027.0,24.0,12.0,45.0,279.0,2.0,85.0,49.0,676.0,6.0,84.0,48.0,740.0,8.0,83.0,57.0,576.0,3.0,217.0,1003.0,6.0,73.0,52.0,438.0,2.0,30.0,91.0,0.0,4.0,3.0,1.0,0.0,68.0,44.0,467.0,3.0,42.0,31.0,268.0,3.0,4070.0,30.0,1685.0,11.0,36.0,10.0,3.5,19.0,0.0,2.0,42.0,2.0,21.0,2.5,1.0,6.0,2.0,0.0,45.0,1.0,1.0,6.0,33.0,10.0,0.0,0.0,4.0,14.0,44.0,0.0,8.0,42.0,72.0,1.0,6.0,12.0,17.0,0.706,35.0,39.0,69.0,3178.0,29.0,3002.0,0.0,0.0,0.0,0.0,43.0,98.0,4.65,0.949,16,0.945,14,1.0,16,0.989,15,0.984,15,0.296,2
New York Jets,2019,441.0,273.0,3024.0,19.0,13.0,33.0,62.0,2.0,122.0,78.0,833.0,6.0,96.0,52.0,779.0,5.0,58.0,36.0,433.0,1.0,245.0,789.0,3.0,78.0,66.0,461.0,1.0,59.0,229.0,0.0,12.0,7.0,33.0,0.0,41.0,34.0,320.0,5.0,11.0,7.0,72.0,1.0,3443.0,19.0,1257.0,6.0,35.0,12.0,8.0,19.0,3.0,2.0,6.0,0.0,20.0,2.5,0.0,15.0,2.5,1.0,60.0,6.5,1.0,7.0,42.0,3.0,2.0,5.0,1.0,6.0,57.0,1.0,5.0,45.0,49.0,1.0,7.0,19.0,27.0,0.704,23.0,27.0,87.0,3991.0,28.0,3622.0,0.0,0.0,0.0,0.0,52.0,99.0,3.28,0.967,13,0.848,8,1.0,3,0.954,9,0.814,7,0.325,1
Philadelphia Eagles,2019,607.0,388.0,4039.0,27.0,7.0,62.0,243.0,1.0,73.0,43.0,490.0,4.0,69.0,39.0,363.0,3.0,40.0,28.0,254.0,1.0,179.0,818.0,3.0,63.0,50.0,509.0,3.0,119.0,525.0,6.0,14.0,10.0,69.0,1.0,135.0,88.0,916.0,6.0,87.0,58.0,607.0,5.0,4063.0,27.0,1939.0,16.0,43.0,11.0,8.5,34.0,0.0,6.5,25.0,0.0,25.0,3.5,2.0,7.0,2.0,0.0,49.0,2.5,2.0,5.0,15.0,4.0,0.0,1.0,2.0,11.0,33.0,0.0,10.0,23.0,63.0,0.0,8.0,22.0,26.0,0.846,35.0,37.0,71.0,3292.0,28.0,3005.0,0.0,0.0,0.0,0.0,37.0,106.0,4.27,0.914,13,0.888,12,0.998,16,0.901,16,0.999,16,0.294,1
Pittsburgh Steelers,2019,283.0,176.0,1765.0,13.0,9.0,21.0,42.0,0.0,92.0,59.0,680.0,5.0,80.0,44.0,735.0,3.0,70.0,42.0,552.0,3.0,116.0,464.0,4.0,38.0,34.0,251.0,3.0,108.0,426.0,2.0,4.0,3.0,23.0,0.0,55.0,38.0,273.0,3.0,17.0,13.0,128.0,0.0,3214.0,18.0,1447.0,7.0,53.0,20.0,14.5,32.0,8.0,11.5,37.0,3.0,29.0,4.0,0.0,3.0,0.0,1.0,52.0,1.0,2.0,4.0,50.0,3.0,1.0,3.0,5.0,17.0,50.0,1.0,11.0,40.0,60.0,0.0,3.0,29.0,31.0,0.935,28.0,28.0,74.0,3368.0,24.0,3023.0,0.0,0.0,0.0,0.0,32.0,118.0,3.66,1.0,16,1.0,1,1.0,16,0.963,14,0.954,13,0.324,1
San Francisco 49ers,2019,476.0,329.0,3978.0,27.0,13.0,46.0,62.0,1.0,81.0,57.0,802.0,3.0,53.0,36.0,502.0,3.0,44.0,30.0,358.0,5.0,137.0,772.0,8.0,22.0,14.0,180.0,2.0,137.0,544.0,6.0,30.0,21.0,180.0,1.0,107.0,85.0,1053.0,5.0,22.0,15.0,91.0,2.0,4029.0,28.0,2305.0,23.0,48.0,12.0,10.0,30.0,2.0,9.0,27.0,2.0,34.0,7.5,2.0,15.0,2.0,0.0,78.0,3.0,1.0,9.0,57.0,1.0,1.0,2.0,3.0,11.0,46.0,1.0,9.0,24.0,47.0,0.0,8.0,23.0,31.0,0.742,49.0,50.0,52.0,2333.0,23.0,2162.0,0.0,0.0,0.0,0.0,36.0,93.0,4.63,0.991,12,0.957,7,0.999,16,0.981,14,0.936,13,0.423,4
Seattle Seahawks,2019,516.0,341.0,4110.0,31.0,5.0,75.0,342.0,3.0,110.0,82.0,1057.0,8.0,100.0,58.0,900.0,7.0,34.0,17.0,301.0,2.0,278.0,1230.0,7.0,47.0,37.0,266.0,2.0,65.0,370.0,3.0,11.0,8.0,83.0,1.0,59.0,41.0,349.0,3.0,27.0,23.0,262.0,4.0,4110.0,31.0,2200.0,15.0,28.0,16.0,4.0,14.0,2.0,3.5,13.0,3.0,18.0,0.5,1.0,15.0,1.0,0.0,71.0,3.0,1.0,6.0,45.0,3.0,1.0,4.0,0.0,13.0,43.0,3.0,8.0,58.0,50.0,2.0,6.0,23.0,28.0,0.821,40.0,44.0,74.0,3341.0,34.0,3028.0,0.0,0.0,0.0,0.0,48.0,68.0,4.57,1.0,16,0.967,12,0.91,14,0.896,16,0.885,8,0.334,1
Tampa Bay Buccaneers,2019,626.0,380.0,5109.0,33.0,30.0,59.0,250.0,1.0,121.0,86.0,1333.0,9.0,118.0,67.0,1157.0,8.0,69.0,36.0,645.0,6.0,172.0,724.0,6.0,40.0,31.0,309.0,0.0,154.0,470.0,6.0,24.0,16.0,115.0,1.0,55.0,36.0,311.0,4.0,53.0,34.0,459.0,1.0,5127.0,33.0,1521.0,15.0,47.0,12.0,8.5,24.0,2.0,1.0,79.0,7.0,26.0,1.0,2.0,20.0,2.5,4.0,55.0,2.5,1.0,3.0,40.0,19.5,1.0,2.0,1.0,19.0,52.0,2.0,17.0,15.0,50.0,1.0,9.0,27.0,35.0,0.771,43.0,48.0,57.0,2464.0,19.0,2182.0,0.0,0.0,0.0,0.0,47.0,117.0,3.72,0.992,15,0.983,15,1.0,16,0.967,13,0.998,16,0.302,1
Tennessee Titans,2019,286.0,201.0,2742.0,22.0,6.0,43.0,185.0,4.0,84.0,52.0,1051.0,8.0,69.0,43.0,601.0,2.0,47.0,37.0,374.0,2.0,303.0,1540.0,16.0,24.0,18.0,206.0,2.0,54.0,209.0,0.0,32.0,25.0,164.0,1.0,44.0,35.0,439.0,3.0,31.0,21.0,215.0,2.0,3956.0,29.0,2223.0,21.0,42.0,14.0,5.0,20.0,0.0,5.0,18.0,2.0,20.0,1.0,3.0,13.0,2.0,1.0,59.0,2.5,0.0,0.0,57.0,1.0,1.0,8.0,4.0,18.0,65.0,2.0,9.0,23.0,53.0,5.0,9.0,4.0,9.0,0.444,50.0,52.0,78.0,3672.0,37.0,3363.0,0.0,0.0,0.0,0.0,56.0,84.0,5.0,0.969,12,0.941,16,0.934,16,0.913,13,0.997,15,0.344,1
Washington Commanders,2019,247.0,160.0,1707.0,11.0,5.0,9.0,12.0,1.0,93.0,58.0,919.0,7.0,56.0,34.0,310.0,4.0,47.0,26.0,198.0,1.0,211.0,898.0,5.0,23.0,17.0,142.0,0.0,42.0,245.0,2.0,9.0,7.0,79.0,1.0,40.0,26.0,241.0,1.0,19.0,10.0,123.0,1.0,3205.0,18.0,1583.0,9.0,46.0,13.0,7.0,29.0,2.0,6.0,42.0,1.0,36.0,8.5,1.0,30.0,2.0,2.0,70.0,1.0,0.0,4.0,68.0,1.0,0.0,1.0,4.0,8.0,29.0,1.0,6.0,33.0,43.0,2.0,4.0,25.0,30.0,0.833,21.0,22.0,79.0,3863.0,30.0,3429.0,0.0,0.0,0.0,0.0,50.0,95.0,4.45,0.946,16,0.923,16,0.999,16,0.995,11,1.0,14,0.304,1
Arizona Cardinals,2020,558.0,375.0,3971.0,26.0,12.0,133.0,819.0,11.0,160.0,115.0,1407.0,6.0,79.0,48.0,621.0,6.0,72.0,54.0,409.0,1.0,239.0,955.0,10.0,31.0,25.0,137.0,0.0,97.0,448.0,1.0,67.0,53.0,402.0,4.0,45.0,31.0,438.0,4.0,11.0,8.0,92.0,1.0,4102.0,27.0,2237.0,22.0,48.0,11.0,12.5,41.0,4.0,3.0,13.0,0.0,10.0,2.0,1.0,8.0,1.0,0.0,70.0,0.0,1.0,4.0,15.0,1.0,0.0,0.0,3.0,8.0,51.0,0.0,8.0,40.0,84.0,2.0,6.0,16.0,22.0,0.727,45.0,46.0,58.0,2600.0,21.0,2299.0,0.0,0.0,0.0,0.0,29.0,100.0,4.67,1.0,1,1.0,1,1.0,1,0.78,2,0.44,1,0.314,1
Atlanta Falcons,2020,626.0,407.0,4581.0,26.0,11.0,29.0,92.0,2.0,143.0,90.0,1374.0,9.0,109.0,72.0,786.0,4.0,68.0,51.0,771.0,3.0,195.0,678.0,9.0,35.0,25.0,164.0,0.0,100.0,465.0,1.0,30.0,25.0,199.0,0.0,88.0,56.0,571.0,6.0,11.0,7.0,63.0,0.0,4620.0,27.0,1532.0,13.0,29.0,12.0,3.0,12.0,1.0,1.5,7.0,0.0,24.0,4.0,0.0,15.0,0.5,0.0,77.0,3.0,2.0,4.0,67.0,4.5,2.0,6.0,1.0,7.0,58.0,0.0,0.0,4.0,73.0,1.0,2.0,37.0,39.0,0.949,34.0,38.0,56.0,2381.0,17.0,2199.0,0.0,0.0,0.0,0.0,41.0,92.0,3.75,0.993,16,0.891,14,1.0,16,0.897,12,0.99,14,0.307,1
Baltimore Ravens,2020,376.0,242.0,2757.0,26.0,9.0,159.0,1005.0,7.0,100.0,58.0,769.0,8.0,48.0,33.0,432.0,3.0,33.0,19.0,266.0,4.0,144.0,723.0,6.0,13.0,9.0,129.0,0.0,134.0,805.0,9.0,24.0,18.0,120.0,0.0,88.0,58.0,701.0,7.0,17.0,14.0,113.0,2.0,2919.0,27.0,3071.0,24.0,39.0,10.0,6.0,31.0,2.0,4.0,16.0,6.0,9.0,1.0,0.0,5.0,0.0,1.0,62.0,3.0,1.0,2.0,30.0,0.0,0.0,2.0,1.0,11.0,68.0,4.0,9.0,44.0,52.0,1.0,4.0,26.0,29.0,0.897,52.0,53.0,53.0,2368.0,22.0,2240.0,0.0,0.0,0.0,0.0,32.0,116.0,5.53,1.0,16,0.807,6,0.655,2,0.507,16,1.0,1,0.36,2
Buffalo Bills,2020,572.0,396.0,4544.0,37.0,10.0,102.0,421.0,8.0,166.0,127.0,1535.0,8.0,107.0,82.0,967.0,4.0,62.0,35.0,599.0,7.0,156.0,687.0,2.0,50.0,38.0,269.0,0.0,112.0,481.0,4.0,18.0,14.0,95.0,1.0,44.0,24.0,288.0,3.0,16.0,12.0,119.0,3.0,4786.0,40.0,1723.0,16.0,38.0,15.0,5.0,43.0,4.0,4.5,16.0,3.0,20.0,3.0,3.0,18.0,5.0,4.0,73.0,2.0,0.0,3.0,12.0,0.0,0.0,2.0,3.0,11.0,41.0,1.0,7.0,62.0,78.0,2.0,5.0,28.0,34.0,0.824,57.0,59.0,41.0,2082.0,18.0,1804.0,0.0,0.0,0.0,0.0,27.0,92.0,4.19,1.0,1,0.948,16,0.923,9,0.741,12,0.919,14,0.305,1
Carolina Panthers,2020,492.0,340.0,3733.0,15.0,11.0,53.0,279.0,5.0,136.0,95.0,1096.0,3.0,118.0,66.0,1193.0,4.0,97.0,77.0,851.0,3.0,165.0,642.0,6.0,70.0,59.0,373.0,2.0,59.0,225.0,5.0,19.0,17.0,149.0,1.0,31.0,20.0,145.0,1.0,8.0,6.0,52.0,0.0,4129.0,16.0,1704.0,19.0,29.0,7.0,5.5,9.0,0.0,2.5,8.0,0.0,20.0,2.0,4.0,11.0,1.0,0.0,35.0,9.0,0.0,4.0,20.0,0.0,0.0,1.0,3.0,11.0,21.0,0.0,9.0,47.0,67.0,1.0,5.0,29.0,36.0,0.806,33.0,36.0,45.0,2082.0,21.0,1838.0,0.0,0.0,0.0,0.0,36.0,89.0,4.19,1.0,16,0.884,7,1.0,14,0.993,14,0.997,16,0.296,1
Chicago Bears,2020,312.0,202.0,1852.0,10.0,8.0,16.0,1.0,1.0,151.0,102.0,1250.0,6.0,98.0,61.0,631.0,4.0,76.0,49.0,485.0,2.0,247.0,1070.0,8.0,68.0,54.0,438.0,2.0,64.0,232.0,1.0,25.0,21.0,132.0,0.0,76.0,50.0,456.0,8.0,44.0,28.0,243.0,2.0,3925.0,26.0,1647.0,12.0,35.0,10.0,9.0,26.0,3.0,3.5,29.0,1.0,15.0,5.0,3.0,10.0,4.0,1.0,96.0,4.0,2.0,7.0,63.0,1.0,0.0,5.0,0.0,15.0,32.0,1.0,8.0,49.0,62.0,0.0,5.0,30.0,32.0,0.938,36.0,37.0,64.0,2924.0,28.0,2530.0,0.0,0.0,0.0,0.0,36.0,88.0,4.19,0.0,0,0.0,0,0.0,1,0.0,0,1.0,1,0.304,1
Cincinnati Bengals,2020,404.0,264.0,2688.0,13.0,5.0,37.0,142.0,3.0,110.0,79.0,841.0,4.0,108.0,67.0,908.0,6.0,104.0,47.0,523.0,2.0,124.0,416.0,3.0,59.0,47.0,355.0,3.0,119.0,428.0,3.0,26.0,21.0,138.0,1.0,53.0,40.0,349.0,1.0,11.0,8.0,87.0,1.0,3793.0,19.0,1668.0,13.0,17.0,11.0,5.5,18.0,0.0,2.0,5.0,1.0,9.0,1.0,0.0,8.0,0.0,2.0,52.0,0.0,0.0,2.0,48.0,1.0,0.0,2.0,1.0,12.0,30.0,1.0,11.0,36.0,77.0,3.0,15.0,21.0,26.0,0.808,32.0,33.0,71.0,3350.0,19.0,3040.0,0.0,0.0,0.0,0.0,48.0,73.0,4.06,0.0,0,0.0,0,0.983,9,0.785,6,1.0,1,0.306,1
Cleveland Browns,2020,486.0,305.0,3563.0,26.0,8.0,54.0,165.0,1.0,101.0,72.0,840.0,3.0,52.0,37.0,599.0,4.0,43.0,23.0,319.0,3.0,198.0,841.0,6.0,51.0,38.0,304.0,5.0,190.0,1067.0,12.0,18.0,16.0,150.0,0.0,70.0,46.0,435.0,4.0,38.0,24.0,238.0,3.0,3701.0,27.0,2374.0,21.0,38.0,11.0,12.0,30.0,2.0,9.0,21.0,3.0,33.0,4.5,3.0,22.0,2.5,0.0,55.0,0.5,2.0,6.0,44.0,1.0,1.0,2.0,2.0,18.0,37.0,0.0,13.0,51.0,45.0,0.0,2.0,19.0,22.0,0.864,43.0,48.0,51.0,2244.0,14.0,1955.0,0.0,0.0,0.0,0.0,26.0,75.0,4.8,1.0,3,0.997,15,0.999,16,0.92,11,0.998,13,0.301,1
Dallas Cowboys,2020,333.0,216.0,2170.0,14.0,8.0,28.0,114.0,0.0,130.0,92.0,1114.0,5.0,111.0,74.0,935.0,5.0,105.0,59.0,843.0,5.0,244.0,979.0,6.0,71.0,52.0,338.0,2.0,101.0,435.0,4.0,40.0,28.0,193.0,1.0,89.0,63.0,615.0,4.0,15.0,11.0,110.0,0.0,4511.0,25.0,1788.0,14.0,31.0,10.0,5.0,30.0,2.0,2.5,10.0,1.0,10.0,0.5,1.0,7.0,2.0,0.0,87.0,1.5,1.0,5.0,33.0,6.5,0.0,2.0,3.0,14.0,48.0,1.0,5.0,29.0,48.0,2.0,3.0,34.0,41.0,0.829,33.0,36.0,50.0,2250.0,15.0,2058.0,0.0,0.0,0.0,0.0,44.0,74.0,4.16,1.0,2,0.851,16,1.0,1,1.0,2,0.907,12,0.3,1
Denver Broncos,2020,443.0,254.0,2933.0,16.0,15.0,44.0,160.0,3.0,113.0,52.0,856.0,3.0,79.0,51.0,742.0,6.0,56.0,30.0,381.0,3.0,215.0,986.0,9.0,44.0,32.0,158.0,1.0,118.0,502.0,1.0,14.0,7.0,28.0,0.0,93.0,62.0,673.0,3.0,21.0,14.0,95.0,1.0,3673.0,21.0,1918.0,13.0,42.0,10.0,7.5,26.0,0.0,6.5,23.0,2.0,8.0,1.0,0.0,4.0,0.0,2.0,68.0,1.0,0.0,2.0,64.0,2.0,0.0,4.0,0.0,6.0,21.0,0.0,6.0,54.0,75.0,5.0,9.0,28.0,34.0,0.824,25.0,30.0,65.0,3040.0,19.0,2734.0,0.0,0.0,0.0,0.0,32.0,93.0,4.34,1.0,3,1.0,15,0.934,16,0.846,9,1.0,16,0.286,1
Detroit Lions,2020,528.0,339.0,4084.0,26.0,10.0,29.0,112.0,0.0,115.0,76.0,978.0,9.0,69.0,46.0,602.0,0.0,35.0,20.0,349.0,2.0,156.0,604.0,7.0,18.0,12.0,101.0,0.0,114.0,521.0,8.0,57.0,46.0,357.0,2.0,101.0,67.0,723.0,6.0,22.0,14.0,129.0,2.0,4397.0,27.0,1499.0,17.0,24.0,7.0,10.0,27.0,1.0,3.5,6.0,3.0,16.0,1.0,0.0,14.0,1.0,1.0,28.0,0.0,0.0,0.0,27.0,1.0,0.0,1.0,1.0,7.0,44.0,1.0,6.0,33.0,50.0,2.0,5.0,21.0,28.0,0.75,38.0,41.0,59.0,2897.0,26.0,2641.0,0.0,0.0,0.0,0.0,42.0,56.0,4.08,1.0,16,0.719,10,0.412,6,0.007,3,0.405,2,0.299,1
Green Bay Packers,2020,526.0,372.0,4299.0,48.0,5.0,38.0,149.0,3.0,149.0,115.0,1374.0,18.0,63.0,33.0,690.0,6.0,46.0,33.0,451.0,3.0,201.0,1104.0,9.0,63.0,47.0,355.0,2.0,119.0,505.0,2.0,35.0,31.0,236.0,1.0,59.0,52.0,586.0,11.0,17.0,10.0,107.0,3.0,4299.0,48.0,2118.0,16.0,41.0,11.0,12.5,28.0,2.0,4.0,25.0,3.0,24.0,2.0,0.0,7.0,0.0,1.0,47.0,1.0,0.0,0.0,25.0,0.0,0.0,1.0,1.0,13.0,39.0,0.0,5.0,44.0,63.0,2.0,9.0,16.0,16.0,1.0,59.0,63.0,46.0,2092.0,15.0,1741.0,0.0,0.0,0.0,0.0,21.0,80.0,4.78,0.957,12,0.587,15,0.998,16,0.913,16,0.865,13,0.297,1
Houston Texans,2020,544.0,382.0,4823.0,33.0,7.0,90.0,444.0,3.0,119.0,81.0,1150.0,6.0,75.0,53.0,879.0,8.0,48.0,38.0,441.0,3.0,147.0,691.0,6.0,46.0,33.0,314.0,2.0,77.0,235.0,1.0,35.0,28.0,249.0,1.0,49.0,37.0,403.0,1.0,28.0,21.0,312.0,4.0,4843.0,33.0,1466.0,10.0,33.0,3.0,5.0,32.0,7.0,4.0,11.0,1.0,14.0,1.0,0.0,10.0,0.0,0.0,93.0,3.0,0.0,2.0,65.0,2.0,0.0,4.0,1.0,7.0,31.0,1.0,7.0,57.0,54.0,0.0,4.0,27.0,31.0,0.871,37.0,40.0,55.0,2531.0,20.0,2283.0,0.0,0.0,0.0,0.0,50.0,80.0,4.26,0.975,2,0.946,14,1.0,2,0.414,14,0.999,16,0.298,1
Indianapolis Colts,2020,543.0,369.0,4169.0,24.0,11.0,18.0,-8.0,0.0,93.0,56.0,762.0,5.0,71.0,44.0,629.0,5.0,61.0,40.0,503.0,1.0,232.0,1169.0,11.0,39.0,36.0,299.0,1.0,89.0,380.0,3.0,76.0,63.0,482.0,4.0,47.0,28.0,250.0,3.0,39.0,31.0,394.0,2.0,4186.0,24.0,1996.0,20.0,40.0,15.0,8.0,16.0,0.0,4.0,16.0,2.0,32.0,0.5,1.0,28.0,9.5,3.0,54.0,0.0,1.0,6.0,53.0,0.0,1.0,5.0,4.0,13.0,64.0,2.0,12.0,28.0,53.0,2.0,6.0,32.0,37.0,0.865,43.0,45.0,48.0,2216.0,20.0,1939.0,0.0,0.0,0.0,0.0,21.0,81.0,4.35,1.0,1,0.904,12,1.0,2,1.0,16,0.989,15,0.315,1
Jacksonville Jaguars,2020,327.0,216.0,2259.0,16.0,5.0,29.0,153.0,1.0,93.0,53.0,706.0,5.0,88.0,55.0,642.0,5.0,79.0,58.0,600.0,5.0,240.0,1070.0,7.0,60.0,49.0,344.0,3.0,32.0,145.0,0.0,20.0,10.0,54.0,0.0,60.0,36.0,349.0,2.0,38.0,28.0,262.0,0.0,3955.0,25.0,1519.0,9.0,18.0,12.0,5.5,20.0,0.0,2.5,6.0,1.0,14.0,1.0,1.0,11.0,0.0,2.0,75.0,2.5,3.0,4.0,69.0,1.0,1.0,5.0,2.0,9.0,20.0,1.0,6.0,27.0,56.0,1.0,1.0,8.0,11.0,0.727,24.0,28.0,65.0,3051.0,21.0,2755.0,0.0,0.0,0.0,0.0,44.0,77.0,4.51,1.0,2,1.0,2,1.0,2,1.0,5,0.0,0,0.276,1
Kansas City Chiefs,2020,588.0,390.0,4740.0,38.0,6.0,62.0,308.0,2.0,135.0,87.0,1276.0,15.0,62.0,41.0,560.0,4.0,59.0,45.0,466.0,3.0,181.0,803.0,4.0,54.0,36.0,297.0,1.0,63.0,254.0,2.0,17.0,13.0,99.0,0.0,145.0,105.0,1416.0,11.0,11.0,7.0,36.0,0.0,5005.0,40.0,1799.0,13.0,32.0,16.0,7.5,23.0,4.0,3.0,9.0,0.0,23.0,0.0,0.0,13.0,0.0,0.0,42.0,0.0,0.0,1.0,29.0,1.0,0.0,3.0,2.0,9.0,30.0,1.0,7.0,27.0,47.0,6.0,9.0,25.0,27.0,0.926,48.0,54.0,52.0,2339.0,20.0,2100.0,0.0,0.0,0.0,0.0,24.0,99.0,4.46,1.0,1,1.0,15,1.0,1,0.998,13,0.811,15,0.315,1
Las Vegas Raiders,2020,517.0,348.0,4103.0,27.0,9.0,39.0,140.0,3.0,82.0,48.0,896.0,8.0,77.0,56.0,656.0,2.0,43.0,26.0,452.0,2.0,273.0,1065.0,12.0,45.0,33.0,238.0,0.0,93.0,423.0,3.0,21.0,17.0,84.0,0.0,145.0,107.0,1196.0,9.0,17.0,13.0,69.0,2.0,4383.0,28.0,1916.0,20.0,21.0,10.0,7.0,19.0,1.0,2.0,5.0,0.0,21.0,1.0,0.0,14.0,0.5,1.0,57.0,3.0,1.0,9.0,49.0,0.0,0.0,0.0,2.0,14.0,54.0,0.0,4.0,47.0,50.0,0.0,5.0,33.0,35.0,0.943,45.0,47.0,44.0,1939.0,20.0,1766.0,0.0,0.0,0.0,0.0,28.0,77.0,4.19,1.0,14,0.81,5,0.98,16,0.57,2,1.0,16,0.28,1
Los Angeles Chargers,2020,595.0,396.0,4336.0,31.0,10.0,55.0,234.0,5.0,147.0,100.0,992.0,8.0,85.0,48.0,756.0,5.0,55.0,28.0,511.0,3.0,116.0,530.0,1.0,65.0,54.0,403.0,2.0,111.0,354.0,2.0,23.0,23.0,148.0,0.0,93.0,60.0,613.0,4.0,20.0,10.0,159.0,3.0,4548.0,31.0,1784.0,12.0,27.0,12.0,7.5,24.0,1.0,2.5,14.0,1.0,30.0,0.0,0.0,18.0,3.0,2.0,62.0,1.0,0.0,3.0,24.0,1.0,0.0,1.0,3.0,14.0,46.0,1.0,8.0,36.0,57.0,2.0,4.0,24.0,33.0,0.727,36.0,39.0,57.0,2669.0,12.0,2045.0,0.0,0.0,0.0,0.0,34.0,85.0,3.83,1.0,1,0.994,14,1.0,6,1.0,16,0.0,0,0.302,1
Los Angeles Rams,2020,552.0,370.0,3952.0,20.0,13.0,51.0,99.0,4.0,129.0,90.0,936.0,6.0,124.0,92.0,974.0,3.0,81.0,52.0,618.0,2.0,145.0,625.0,2.0,14.0,11.0,123.0,1.0,138.0,624.0,5.0,24.0,16.0,159.0,1.0,62.0,41.0,417.0,1.0,60.0,44.0,521.0,5.0,4183.0,20.0,2018.0,19.0,53.0,14.0,10.5,26.0,1.0,6.0,15.0,2.0,32.0,1.0,3.0,26.0,13.5,1.0,48.0,3.0,0.0,2.0,44.0,0.0,0.0,3.0,4.0,14.0,35.0,3.0,10.0,52.0,37.0,3.0,5.0,14.0,16.0,0.875,38.0,42.0,68.0,3099.0,28.0,2702.0,0.0,0.0,0.0,0.0,25.0,102.0,4.27,0.0,0,0.0,0,0.0,0,0.0,0,0.0,0,0.331,1
Miami Dolphins,2020,290.0,186.0,1814.0,11.0,5.0,36.0,109.0,3.0,103.0,63.0,793.0,4.0,54.0,36.0,373.0,1.0,44.0,28.0,276.0,0.0,142.0,584.0,3.0,47.0,41.0,388.0,2.0,75.0,319.0,3.0,14.0,11.0,61.0,0.0,85.0,53.0,703.0,6.0,29.0,26.0,208.0,2.0,3937.0,24.0,1688.0,15.0,41.0,18.0,9.0,25.0,5.0,7.0,64.0,3.0,24.0,1.5,5.0,13.0,0.0,0.0,42.0,6.0,0.0,6.0,5.0,0.0,0.0,0.0,10.0,20.0,35.0,2.0,11.0,62.0,37.0,0.0,1.0,36.0,39.0,0.923,36.0,36.0,68.0,3040.0,26.0,2703.0,0.0,0.0,0.0,0.0,34.0,99.0,3.94,1.0,1,1.0,1,1.0,1,0.938,13,1.0,15,0.331,1
Minnesota Vikings,2020,516.0,349.0,4265.0,35.0,13.0,32.0,156.0,1.0,125.0,88.0,1400.0,7.0,108.0,74.0,925.0,14.0,30.0,20.0,201.0,2.0,312.0,1557.0,16.0,54.0,44.0,361.0,1.0,96.0,434.0,2.0,15.0,13.0,125.0,1.0,43.0,30.0,365.0,5.0,37.0,28.0,334.0,1.0,4265.0,35.0,2283.0,20.0,23.0,15.0,5.0,10.0,0.0,3.5,15.0,0.0,18.0,0.5,0.0,16.0,1.5,0.0,59.0,0.0,3.0,6.0,58.0,3.0,3.0,8.0,2.0,4.0,34.0,0.0,3.0,57.0,52.0,5.0,10.0,15.0,22.0,0.682,37.0,43.0,54.0,2435.0,11.0,2054.0,0.0,0.0,0.0,0.0,39.0,70.0,4.88,1.0,15,0.99,16,1.0,16,1.0,6,1.0,1,0.296,2
New England Patriots,2020,368.0,242.0,2657.0,8.0,10.0,137.0,592.0,12.0,81.0,59.0,729.0,0.0,77.0,47.0,604.0,1.0,39.0,21.0,315.0,0.0,137.0,691.0,2.0,7.0,5.0,52.0,0.0,79.0,449.0,1.0,9.0,7.0,114.0,1.0,57.0,33.0,309.0,2.0,20.0,13.0,199.0,0.0,3124.0,12.0,2346.0,20.0,24.0,18.0,5.5,24.0,2.0,2.5,21.0,0.0,27.0,2.0,0.0,15.0,4.0,2.0,40.0,1.5,0.0,2.0,27.0,2.0,0.0,3.0,1.0,3.0,27.0,0.0,2.0,11.0,40.0,0.0,0.0,26.0,28.0,0.929,30.0,33.0,55.0,2678.0,31.0,2507.0,0.0,0.0,0.0,0.0,37.0,65.0,4.67,1.0,1,1.0,1,1.0,3,0.528,9,0.968,12,0.306,1
New Orleans Saints,2020,390.0,275.0,2942.0,24.0,6.0,18.0,-2.0,2.0,82.0,61.0,726.0,5.0,55.0,40.0,438.0,0.0,50.0,34.0,448.0,4.0,187.0,932.0,16.0,107.0,83.0,756.0,5.0,146.0,656.0,4.0,26.0,23.0,176.0,1.0,60.0,37.0,504.0,7.0,16.0,15.0,171.0,1.0,3945.0,28.0,2265.0,30.0,44.0,18.0,13.5,22.0,1.0,5.0,10.0,1.0,18.0,6.5,2.0,16.0,0.0,2.0,32.0,7.5,0.0,3.0,22.0,0.0,0.0,0.0,3.0,12.0,43.0,2.0,11.0,49.0,66.0,3.0,10.0,23.0,28.0,0.821,57.0,58.0,62.0,2674.0,23.0,2588.0,0.0,0.0,0.0,0.0,29.0,113.0,4.59,1.0,1,0.966,16,0.0,0,0.0,0,1.0,1,0.333,1
New York Giants,2020,448.0,280.0,2943.0,11.0,10.0,65.0,423.0,1.0,96.0,50.0,751.0,3.0,90.0,66.0,656.0,3.0,52.0,35.0,388.0,2.0,147.0,682.0,6.0,27.0,21.0,114.0,0.0,55.0,238.0,1.0,4.0,3.0,19.0,1.0,109.0,63.0,654.0,1.0,21.0,18.0,112.0,0.0,3336.0,12.0,1768.0,13.0,40.0,11.0,11.5,22.0,1.0,3.5,21.0,4.0,25.0,4.0,2.0,7.0,1.0,1.0,75.0,3.0,1.0,5.0,29.0,1.0,0.0,1.0,3.0,18.0,43.0,1.0,9.0,62.0,55.0,1.0,11.0,31.0,32.0,0.969,21.0,23.0,65.0,2911.0,28.0,2559.0,0.0,0.0,0.0,0.0,50.0,108.0,4.43,0.956,16,0.901,16,1.0,1,1.0,1,1.0,15,0.306,1
New York Jets,2020,364.0,217.0,2208.0,9.0,11.0,37.0,217.0,2.0,89.0,59.0,699.0,6.0,60.0,30.0,505.0,3.0,55.0,37.0,394.0,3.0,187.0,653.0,2.0,19.0,16.0,89.0,0.0,64.0,232.0,2.0,15.0,11.0,63.0,0.0,45.0,31.0,287.0,3.0,12.0,9.0,86.0,0.0,3115.0,16.0,1683.0,9.0,31.0,10.0,3.0,6.0,2.0,2.5,6.0,0.0,30.0,7.0,3.0,21.0,2.0,2.0,77.0,2.0,0.0,4.0,34.0,0.0,0.0,1.0,3.0,8.0,37.0,2.0,7.0,33.0,46.0,2.0,11.0,13.0,15.0,0.867,20.0,24.0,82.0,3598.0,19.0,3052.0,0.0,0.0,0.0,0.0,43.0,84.0,4.15,1.0,1,0.951,14,1.0,1,0.938,13,1.0,1,0.307,1
Philadelphia Eagles,2020,437.0,251.0,2620.0,16.0,15.0,52.0,276.0,5.0,79.0,53.0,419.0,6.0,67.0,38.0,539.0,4.0,54.0,31.0,396.0,1.0,164.0,867.0,6.0,52.0,28.0,197.0,0.0,80.0,374.0,1.0,36.0,25.0,212.0,1.0,72.0,36.0,335.0,1.0,65.0,46.0,524.0,3.0,3728.0,22.0,2027.0,16.0,49.0,8.0,8.0,32.0,0.0,5.5,20.0,0.0,26.0,6.5,1.0,16.0,4.5,1.0,69.0,2.0,1.0,1.0,35.0,2.0,1.0,1.0,1.0,6.0,50.0,1.0,3.0,53.0,41.0,1.0,7.0,14.0,19.0,0.737,24.0,26.0,73.0,3395.0,27.0,3001.0,0.0,0.0,0.0,0.0,65.0,115.0,5.03,0.92,5,0.796,7,1.0,2,0.5,2,1.0,2,0.273,1
Pittsburgh Steelers,2020,608.0,399.0,3803.0,33.0,10.0,25.0,11.0,0.0,144.0,88.0,923.0,7.0,128.0,97.0,831.0,9.0,109.0,62.0,873.0,9.0,169.0,721.0,6.0,43.0,35.0,215.0,0.0,111.0,368.0,4.0,14.0,10.0,61.0,0.0,91.0,56.0,558.0,5.0,20.0,15.0,99.0,0.0,4129.0,35.0,1351.0,12.0,56.0,18.0,15.0,37.0,7.0,11.0,31.0,3.0,6.0,0.0,0.0,4.0,0.0,0.0,38.0,3.0,0.0,0.0,34.0,2.0,1.0,4.0,2.0,12.0,42.0,2.0,9.0,38.0,55.0,4.0,11.0,19.0,20.0,0.95,41.0,45.0,77.0,3470.0,29.0,3050.0,0.0,0.0,0.0,0.0,14.0,137.0,3.62,1.0,2,0.92,1,0.938,13,0.795,4,0.97,13,0.329,1
San Francisco 49ers,2020,326.0,211.0,2437.0,12.0,12.0,9.0,8.0,0.0,96.0,60.0,748.0,5.0,74.0,49.0,667.0,2.0,44.0,33.0,391.0,1.0,126.0,600.0,7.0,28.0,13.0,133.0,3.0,104.0,521.0,2.0,19.0,16.0,156.0,1.0,63.0,48.0,634.0,2.0,46.0,26.0,231.0,4.0,4320.0,25.0,1889.0,19.0,30.0,12.0,8.5,28.0,0.0,3.5,26.0,3.0,15.0,1.5,4.0,12.0,3.0,1.0,72.0,1.0,2.0,6.0,56.0,1.0,0.0,1.0,1.0,4.0,17.0,2.0,3.0,17.0,45.0,0.0,4.0,19.0,23.0,0.826,38.0,40.0,66.0,3093.0,25.0,2790.0,0.0,0.0,0.0,0.0,39.0,72.0,4.32,1.0,1,0.996,16,1.0,1,0.0,2,0.446,5,0.31,3
Seattle Seahawks,2020,558.0,384.0,4212.0,40.0,13.0,83.0,513.0,2.0,132.0,100.0,1054.0,10.0,129.0,83.0,1303.0,10.0,47.0,35.0,417.0,6.0,141.0,681.0,5.0,46.0,37.0,287.0,4.0,81.0,356.0,4.0,20.0,16.0,93.0,0.0,40.0,25.0,209.0,3.0,37.0,24.0,239.0,1.0,4245.0,40.0,1971.0,15.0,46.0,14.0,6.0,19.0,3.0,5.0,7.0,2.0,24.0,2.0,0.0,19.0,6.5,1.0,79.0,3.0,0.0,8.0,57.0,9.5,0.0,3.0,3.0,12.0,52.0,2.0,7.0,43.0,42.0,5.0,10.0,24.0,24.0,1.0,49.0,53.0,61.0,3028.0,32.0,2709.0,0.0,0.0,0.0,0.0,48.0,109.0,4.8,1.0,1,0.984,16,0.917,16,0.742,10,0.0,1,0.311,1
Tampa Bay Buccaneers,2020,610.0,401.0,4633.0,40.0,12.0,30.0,6.0,3.0,109.0,70.0,1006.0,13.0,84.0,65.0,840.0,7.0,62.0,45.0,483.0,4.0,192.0,978.0,7.0,42.0,28.0,165.0,1.0,97.0,367.0,6.0,47.0,36.0,233.0,0.0,77.0,45.0,623.0,7.0,34.0,28.0,282.0,2.0,4776.0,42.0,1519.0,16.0,48.0,15.0,9.5,32.0,6.0,1.5,78.0,6.0,27.0,6.0,2.0,21.0,3.0,2.0,90.0,9.0,0.0,4.0,41.0,8.0,0.0,3.0,4.0,18.0,50.0,1.0,7.0,50.0,62.0,1.0,6.0,28.0,31.0,0.903,52.0,57.0,55.0,2486.0,19.0,2210.0,0.0,0.0,0.0,0.0,22.0,116.0,4.12,1.0,16,0.961,15,0.998,16,0.975,13,0.989,16,0.316,1
Tennessee Titans,2020,481.0,315.0,3819.0,33.0,7.0,43.0,266.0,7.0,106.0,70.0,1075.0,11.0,92.0,65.0,984.0,5.0,35.0,23.0,228.0,2.0,378.0,2027.0,17.0,31.0,19.0,114.0,0.0,47.0,204.0,1.0,17.0,12.0,55.0,0.0,65.0,41.0,448.0,8.0,53.0,39.0,387.0,1.0,3826.0,33.0,2690.0,26.0,19.0,15.0,0.0,12.0,4.0,0.0,2.0,0.0,24.0,3.0,5.0,23.0,2.0,0.0,50.0,0.5,0.0,5.0,43.0,5.5,1.0,5.0,4.0,14.0,80.0,1.0,5.0,23.0,69.0,1.0,7.0,18.0,26.0,0.692,51.0,53.0,49.0,2256.0,22.0,2005.0,0.0,0.0,0.0,0.0,25.0,72.0,5.16,0.985,6,0.977,16,1.0,6,0.782,9,0.97,16,0.32,2
Washington Commanders,2020,252.0,168.0,1582.0,6.0,8.0,10.0,3.0,0.0,134.0,87.0,1118.0,4.0,48.0,32.0,477.0,1.0,37.0,27.0,265.0,1.0,170.0,795.0,11.0,44.0,36.0,247.0,0.0,94.0,258.0,4.0,7.0,4.0,12.0,0.0,110.0,72.0,670.0,6.0,3.0,1.0,6.0,0.0,3796.0,16.0,1611.0,18.0,46.0,16.0,9.0,27.0,6.0,7.5,30.0,4.0,25.0,3.0,4.0,12.0,5.0,0.0,59.0,3.0,1.0,3.0,43.0,2.5,1.0,1.0,0.0,16.0,42.0,4.0,11.0,38.0,59.0,3.0,4.0,27.0,34.0,0.794,30.0,32.0,73.0,3504.0,23.0,3235.0,0.0,0.0,0.0,0.0,50.0,97.0,4.03,1.0,4,1.0,6,0.928,9,0.91,16,1.0,16,0.321,1
Arizona Cardinals,2021,481.0,333.0,3787.0,24.0,10.0,88.0,423.0,5.0,103.0,77.0,982.0,5.0,92.0,54.0,848.0,3.0,64.0,42.0,572.0,8.0,202.0,752.0,15.0,39.0,37.0,375.0,3.0,116.0,592.0,2.0,53.0,43.0,311.0,0.0,81.0,56.0,574.0,3.0,17.0,16.0,193.0,1.0,4619.0,27.0,2076.0,23.0,40.0,13.0,10.5,28.0,4.0,4.0,24.0,4.0,12.0,3.0,2.0,6.0,0.0,3.0,62.0,4.0,0.0,5.0,29.0,11.0,0.0,1.0,4.0,12.0,49.0,1.0,4.0,29.0,65.0,1.0,7.0,30.0,37.0,0.811,47.0,49.0,52.0,2540.0,12.0,2175.0,0.0,0.0,0.0,0.0,39.0,101.0,4.19,0.988,16,0.92,15,0.823,14,0.738,17,0.96,12,0.317,2
Atlanta Falcons,2021,560.0,375.0,3968.0,20.0,12.0,40.0,82.0,1.0,94.0,66.0,770.0,4.0,53.0,31.0,406.0,3.0,52.0,31.0,281.0,2.0,153.0,618.0,6.0,69.0,52.0,548.0,5.0,138.0,503.0,3.0,58.0,44.0,259.0,1.0,110.0,68.0,1026.0,1.0,31.0,26.0,221.0,3.0,3987.0,20.0,1451.0,11.0,17.0,12.0,4.5,16.0,1.0,1.0,11.0,1.0,28.0,1.0,1.0,9.0,0.0,0.0,88.0,2.0,3.0,6.0,73.0,2.0,0.0,6.0,3.0,16.0,51.0,0.0,11.0,42.0,44.0,0.0,8.0,27.0,29.0,0.931,30.0,30.0,65.0,2998.0,24.0,2663.0,0.0,0.0,0.0,0.0,40.0,59.0,3.69,1.0,16,0.979,17,0.99,16,0.984,17,0.943,17,0.302,1
Baltimore Ravens,2021,382.0,246.0,2882.0,16.0,13.0,133.0,767.0,2.0,146.0,91.0,1008.0,6.0,68.0,46.0,515.0,1.0,49.0,27.0,394.0,1.0,133.0,576.0,5.0,42.0,34.0,190.0,1.0,119.0,501.0,6.0,13.0,10.0,75.0,0.0,153.0,107.0,1361.0,9.0,15.0,9.0,66.0,0.0,4267.0,21.0,2479.0,18.0,33.0,9.0,4.5,16.0,1.0,1.5,21.0,1.0,21.0,2.0,2.0,7.0,0.0,0.0,61.0,2.0,0.0,1.0,38.0,2.0,0.0,4.0,1.0,13.0,41.0,3.0,11.0,43.0,45.0,2.0,12.0,35.0,37.0,0.946,32.0,32.0,71.0,3149.0,26.0,2841.0,0.0,0.0,0.0,0.0,57.0,96.0,4.79,1.0,1,0.972,17,0.985,17,0.86,13,0.961,16,0.298,1
Buffalo Bills,2021,646.0,409.0,4407.0,36.0,15.0,122.0,763.0,6.0,164.0,103.0,1225.0,10.0,112.0,82.0,693.0,1.0,72.0,42.0,626.0,4.0,188.0,870.0,7.0,50.0,40.0,228.0,1.0,96.0,345.0,4.0,32.0,23.0,197.0,1.0,71.0,49.0,587.0,9.0,12.0,9.0,44.0,1.0,4450.0,36.0,2209.0,20.0,41.0,19.0,3.5,7.0,1.0,3.0,45.0,5.0,24.0,4.0,3.0,23.0,1.0,1.0,52.0,0.0,1.0,4.0,35.0,4.0,1.0,4.0,1.0,7.0,42.0,1.0,6.0,23.0,58.0,5.0,9.0,28.0,32.0,0.875,51.0,51.0,52.0,2230.0,18.0,1994.0,0.0,0.0,0.0,0.0,27.0,91.0,4.79,0.978,17,0.967,16,0.674,9,0.631,15,0.975,17,0.316,1
Carolina Panthers,2021,406.0,243.0,2527.0,9.0,13.0,48.0,222.0,5.0,163.0,93.0,1157.0,4.0,110.0,53.0,519.0,5.0,30.0,17.0,138.0,0.0,172.0,612.0,5.0,37.0,25.0,174.0,1.0,99.0,442.0,1.0,41.0,37.0,343.0,1.0,35.0,20.0,180.0,1.0,30.0,18.0,188.0,0.0,3573.0,14.0,1842.0,17.0,39.0,9.0,11.0,31.0,0.0,3.5,15.0,1.0,24.0,3.0,4.0,11.0,1.0,0.0,36.0,0.0,0.0,1.0,27.0,9.0,0.0,4.0,2.0,10.0,48.0,0.0,3.0,21.0,70.0,1.0,5.0,20.0,22.0,0.909,26.0,28.0,73.0,3184.0,19.0,2872.0,0.0,0.0,0.0,0.0,52.0,94.0,4.05,1.0,17,0.922,9,0.957,11,0.954,10,0.892,9,0.299,1
Chicago Bears,2021,270.0,159.0,1870.0,7.0,10.0,72.0,420.0,2.0,140.0,81.0,1055.0,4.0,66.0,38.0,410.0,1.0,40.0,20.0,313.0,1.0,225.0,849.0,7.0,51.0,42.0,301.0,0.0,103.0,433.0,2.0,16.0,14.0,96.0,0.0,93.0,60.0,612.0,0.0,23.0,14.0,167.0,3.0,3635.0,16.0,2018.0,14.0,49.0,8.0,18.5,32.0,0.0,6.0,15.0,0.0,20.0,3.0,1.0,11.0,0.5,0.0,85.0,3.0,1.0,3.0,51.0,0.0,0.0,4.0,1.0,9.0,33.0,0.0,6.0,17.0,49.0,0.0,2.0,26.0,30.0,0.867,27.0,28.0,62.0,2865.0,19.0,2390.0,0.0,0.0,0.0,0.0,58.0,83.0,4.25,0.918,10,0.881,15,1.0,17,1.0,17,1.0,17,0.291,1
Cincinnati Bengals,2021,520.0,366.0,4611.0,34.0,14.0,40.0,118.0,2.0,128.0,81.0,1455.0,13.0,110.0,74.0,1091.0,6.0,94.0,67.0,828.0,5.0,292.0,1205.0,13.0,48.0,42.0,314.0,3.0,55.0,246.0,1.0,31.0,27.0,196.0,1.0,63.0,49.0,493.0,5.0,15.0,11.0,81.0,0.0,4806.0,36.0,1742.0,16.0,41.0,13.0,14.0,21.0,0.0,7.5,30.0,3.0,23.0,7.0,0.0,18.0,2.0,0.0,51.0,0.5,1.0,2.0,50.0,1.0,4.0,4.0,2.0,14.0,49.0,2.0,10.0,35.0,62.0,1.0,8.0,28.0,33.0,0.848,47.0,49.0,66.0,3064.0,22.0,2709.0,0.0,0.0,0.0,0.0,55.0,99.0,4.0,1.0,16,0.926,12,1.0,2,0.956,16,0.961,15,0.318,1
Cleveland Browns,2021,418.0,253.0,3010.0,17.0,13.0,37.0,134.0,1.0,87.0,52.0,570.0,2.0,58.0,34.0,597.0,3.0,47.0,24.0,275.0,1.0,228.0,1259.0,8.0,25.0,20.0,174.0,1.0,100.0,534.0,3.0,25.0,19.0,137.0,0.0,61.0,38.0,345.0,3.0,53.0,36.0,475.0,4.0,3619.0,21.0,2471.0,20.0,43.0,13.0,16.0,31.0,3.0,9.0,20.0,2.0,15.0,3.0,1.0,7.0,0.5,1.0,59.0,1.0,0.0,2.0,43.0,1.5,0.0,4.0,3.0,10.0,33.0,2.0,10.0,34.0,39.0,1.0,3.0,15.0,21.0,0.714,37.0,39.0,67.0,2880.0,21.0,2563.0,0.0,0.0,0.0,0.0,49.0,102.0,5.09,0.895,13,0.749,7,1.0,17,1.0,17,1.0,16,0.304,1
Dallas Cowboys,2021,596.0,410.0,4449.0,37.0,10.0,48.0,146.0,1.0,120.0,79.0,1102.0,6.0,104.0,68.0,865.0,8.0,62.0,35.0,445.0,2.0,237.0,1002.0,10.0,65.0,47.0,287.0,2.0,130.0,719.0,2.0,46.0,39.0,337.0,0.0,104.0,78.0,808.0,8.0,17.0,11.0,96.0,2.0,4963.0,40.0,2119.0,15.0,41.0,26.0,5.0,17.0,1.0,1.0,14.0,1.0,15.0,2.0,0.0,7.0,0.5,0.0,59.0,13.0,0.0,3.0,17.0,3.5,0.0,0.0,11.0,21.0,39.0,3.0,17.0,56.0,60.0,2.0,10.0,29.0,35.0,0.829,47.0,53.0,65.0,3143.0,24.0,2900.0,0.0,0.0,0.0,0.0,33.0,114.0,4.48,0.91,11,0.795,16,0.964,16,0.776,17,0.979,17,0.318,1
Denver Broncos,2021,426.0,285.0,3052.0,18.0,7.0,30.0,106.0,2.0,98.0,58.0,776.0,2.0,85.0,53.0,734.0,5.0,56.0,38.0,467.0,0.0,203.0,918.0,8.0,38.0,28.0,213.0,2.0,203.0,903.0,4.0,53.0,43.0,316.0,3.0,90.0,68.0,670.0,4.0,40.0,33.0,330.0,2.0,3856.0,20.0,2025.0,16.0,36.0,13.0,6.0,23.0,2.0,5.5,17.0,2.0,13.0,0.0,1.0,10.0,0.0,2.0,32.0,0.0,0.0,2.0,22.0,5.0,0.0,2.0,4.0,14.0,45.0,0.0,6.0,40.0,55.0,1.0,2.0,26.0,31.0,0.839,33.0,34.0,67.0,3083.0,28.0,2869.0,0.0,0.0,0.0,0.0,40.0,83.0,4.45,0.987,14,0.95,13,0.86,7,0.858,15,1.0,16,0.331,1
Detroit Lions,2021,494.0,332.0,3245.0,19.0,8.0,17.0,87.0,0.0,119.0,90.0,912.0,5.0,71.0,48.0,576.0,4.0,36.0,19.0,306.0,2.0,153.0,601.0,3.0,28.0,26.0,157.0,0.0,151.0,617.0,5.0,78.0,62.0,452.0,2.0,84.0,61.0,583.0,4.0,17.0,12.0,117.0,2.0,3884.0,23.0,1886.0,12.0,30.0,11.0,5.0,15.0,2.0,4.5,18.0,0.0,18.0,1.0,0.0,11.0,0.5,1.0,47.0,0.0,0.0,4.0,44.0,1.0,1.0,7.0,6.0,11.0,42.0,0.0,7.0,27.0,57.0,0.0,4.0,13.0,14.0,0.929,27.0,28.0,65.0,3198.0,17.0,2750.0,0.0,0.0,0.0,0.0,36.0,63.0,4.42,0.996,16,0.948,9,1.0,16,0.95,15,0.787,4,0.294,1
Green Bay Packers,2021,531.0,366.0,4115.0,37.0,4.0,33.0,101.0,3.0,169.0,123.0,1553.0,11.0,60.0,40.0,513.0,8.0,55.0,26.0,430.0,3.0,187.0,803.0,5.0,37.0,34.0,313.0,2.0,171.0,799.0,4.0,65.0,52.0,391.0,6.0,33.0,25.0,245.0,2.0,29.0,18.0,204.0,2.0,4526.0,39.0,1900.0,13.0,38.0,18.0,9.0,22.0,2.0,5.0,20.0,4.0,23.0,4.0,0.0,12.0,1.0,0.0,53.0,1.0,0.0,4.0,23.0,9.5,0.0,0.0,1.0,14.0,40.0,5.0,13.0,51.0,68.0,2.0,8.0,25.0,34.0,0.735,49.0,51.0,53.0,2467.0,18.0,2119.0,0.0,0.0,0.0,0.0,33.0,93.0,4.26,0.972,17,0.95,13,0.979,8,0.936,17,0.757,6,0.336,2
Houston Texans,2021,394.0,263.0,2664.0,16.0,10.0,18.0,44.0,0.0,134.0,90.0,1037.0,6.0,60.0,33.0,446.0,1.0,38.0,24.0,248.0,3.0,122.0,427.0,3.0,32.0,25.0,186.0,0.0,92.0,294.0,1.0,9.0,7.0,24.0,0.0,34.0,23.0,171.0,0.0,33.0,24.0,214.0,0.0,3630.0,21.0,1422.0,8.0,32.0,17.0,4.0,7.0,3.0,3.0,5.0,0.0,18.0,1.0,0.0,15.0,2.5,1.0,32.0,0.0,0.0,0.0,28.0,0.0,0.0,3.0,1.0,10.0,38.0,1.0,3.0,17.0,43.0,2.0,4.0,15.0,19.0,0.789,25.0,29.0,88.0,4108.0,37.0,3673.0,0.0,0.0,0.0,0.0,44.0,70.0,3.39,0.995,15,0.91,4,0.707,7,0.661,17,1.0,1,0.327,1
Indianapolis Colts,2021,516.0,322.0,3563.0,27.0,7.0,57.0,215.0,1.0,129.0,88.0,1082.0,6.0,69.0,38.0,384.0,3.0,37.0,23.0,331.0,3.0,332.0,1811.0,18.0,51.0,40.0,360.0,2.0,56.0,276.0,2.0,57.0,40.0,310.0,1.0,45.0,24.0,316.0,4.0,43.0,29.0,302.0,3.0,3588.0,27.0,2540.0,22.0,33.0,19.0,5.5,6.0,0.0,4.0,12.0,1.0,28.0,7.0,3.0,15.0,1.0,2.0,66.0,1.0,2.0,4.0,25.0,6.0,0.0,0.0,4.0,13.0,73.0,0.0,8.0,25.0,36.0,2.0,4.0,18.0,21.0,0.857,46.0,47.0,59.0,2627.0,24.0,2340.0,0.0,0.0,0.0,0.0,32.0,86.0,5.09,0.975,11,0.897,15,0.896,13,0.824,16,0.989,14,0.35,2
Jacksonville Jaguars,2021,602.0,359.0,3641.0,12.0,17.0,73.0,334.0,2.0,120.0,73.0,832.0,4.0,100.0,63.0,619.0,0.0,51.0,33.0,434.0,1.0,164.0,767.0,8.0,46.0,31.0,222.0,0.0,72.0,253.0,1.0,21.0,12.0,65.0,0.0,41.0,28.0,324.0,0.0,34.0,24.0,244.0,0.0,3674.0,12.0,1755.0,13.0,32.0,7.0,7.5,36.0,4.0,6.0,20.0,3.0,24.0,2.0,1.0,23.0,1.0,2.0,51.0,0.0,0.0,0.0,18.0,1.0,0.0,0.0,2.0,10.0,46.0,0.0,7.0,35.0,54.0,1.0,1.0,21.0,24.0,0.875,18.0,22.0,71.0,3337.0,28.0,3117.0,0.0,0.0,0.0,0.0,32.0,83.0,4.48,1.0,17,0.943,14,0.995,17,0.914,9,0.0,0,0.281,1
Kansas City Chiefs,2021,658.0,436.0,4839.0,37.0,13.0,66.0,381.0,2.0,159.0,111.0,1239.0,9.0,83.0,59.0,693.0,2.0,60.0,42.0,568.0,5.0,144.0,558.0,6.0,57.0,47.0,452.0,2.0,119.0,517.0,4.0,23.0,19.0,129.0,2.0,134.0,92.0,1125.0,9.0,13.0,9.0,87.0,0.0,4937.0,37.0,1955.0,16.0,31.0,15.0,9.0,17.0,5.0,2.0,12.0,1.0,20.0,2.5,1.0,19.0,3.0,0.0,57.0,0.0,0.0,3.0,37.0,0.0,1.0,2.0,2.0,10.0,44.0,0.0,7.0,39.0,57.0,3.0,6.0,25.0,28.0,0.893,50.0,53.0,40.0,1868.0,21.0,1724.0,0.0,0.0,0.0,0.0,28.0,91.0,4.54,0.995,16,0.614,12,1.0,17,0.992,17,0.992,17,0.295,1
Las Vegas Raiders,2021,626.0,428.0,4804.0,23.0,14.0,40.0,108.0,0.0,128.0,103.0,1038.0,9.0,70.0,47.0,546.0,1.0,59.0,34.0,571.0,3.0,217.0,872.0,9.0,64.0,54.0,348.0,0.0,63.0,254.0,2.0,40.0,30.0,291.0,1.0,93.0,55.0,665.0,2.0,44.0,30.0,373.0,3.0,4808.0,23.0,1617.0,14.0,35.0,6.0,10.0,14.0,3.0,8.0,26.0,7.0,16.0,2.0,2.0,14.0,0.0,1.0,94.0,0.0,0.0,3.0,46.0,0.5,0.0,4.0,1.0,9.0,37.0,0.0,5.0,12.0,35.0,1.0,6.0,40.0,43.0,0.93,30.0,33.0,64.0,3132.0,28.0,2651.0,0.0,0.0,0.0,0.0,40.0,114.0,3.91,1.0,17,0.969,17,0.969,17,0.26,14,1.0,17,0.3,2
Los Angeles Chargers,2021,672.0,443.0,5014.0,38.0,15.0,63.0,302.0,3.0,157.0,106.0,1138.0,6.0,129.0,76.0,1146.0,9.0,49.0,33.0,353.0,4.0,206.0,911.0,12.0,94.0,70.0,647.0,8.0,68.0,364.0,2.0,25.0,22.0,178.0,0.0,83.0,48.0,564.0,4.0,27.0,20.0,190.0,3.0,5014.0,38.0,1834.0,18.0,35.0,11.0,10.5,30.0,0.0,1.0,25.0,0.0,24.0,1.0,0.0,19.0,4.5,0.0,43.0,1.5,0.0,1.0,17.0,5.0,1.0,4.0,1.0,12.0,37.0,2.0,11.0,31.0,70.0,2.0,5.0,18.0,20.0,0.9,40.0,47.0,47.0,2123.0,12.0,1754.0,0.0,0.0,0.0,0.0,31.0,89.0,4.34,1.0,16,0.904,17,0.996,16,0.871,15,0.947,16,0.279,1
Los Angeles Rams,2021,601.0,404.0,4886.0,41.0,17.0,32.0,43.0,0.0,191.0,145.0,1947.0,16.0,89.0,50.0,802.0,6.0,69.0,45.0,556.0,4.0,208.0,845.0,4.0,33.0,21.0,128.0,1.0,149.0,688.0,5.0,40.0,29.0,176.0,3.0,85.0,61.0,560.0,5.0,7.0,4.0,37.0,0.0,4893.0,41.0,1683.0,10.0,50.0,19.0,9.5,30.0,3.0,5.0,19.0,1.0,30.0,12.5,4.0,24.0,2.0,0.0,41.0,2.0,2.0,6.0,29.0,1.0,2.0,4.0,4.0,16.0,52.0,0.0,9.0,55.0,58.0,1.0,4.0,32.0,34.0,0.941,48.0,49.0,51.0,2252.0,23.0,2172.0,0.0,0.0,0.0,0.0,31.0,95.0,4.01,0.991,15,0.973,15,0.996,17,0.992,17,0.884,16,0.303,1
Miami Dolphins,2021,388.0,263.0,2653.0,16.0,10.0,42.0,128.0,3.0,140.0,104.0,1015.0,6.0,73.0,40.0,515.0,2.0,39.0,25.0,213.0,0.0,173.0,612.0,3.0,63.0,49.0,234.0,4.0,71.0,330.0,3.0,5.0,4.0,41.0,0.0,112.0,73.0,780.0,2.0,41.0,34.0,357.0,0.0,3936.0,21.0,1568.0,12.0,47.0,14.0,9.0,19.0,12.0,5.5,54.0,4.0,35.0,4.5,4.0,10.0,0.5,0.0,20.0,8.5,0.0,1.0,11.0,0.0,0.0,0.0,5.0,16.0,35.0,0.0,10.0,40.0,44.0,2.0,10.0,23.0,31.0,0.742,34.0,35.0,78.0,3489.0,31.0,3127.0,0.0,0.0,0.0,0.0,40.0,128.0,3.55,0.964,17,0.938,17,1.0,17,0.143,8,1.0,8,0.318,1
Minnesota Vikings,2021,561.0,372.0,4221.0,33.0,7.0,29.0,115.0,1.0,167.0,108.0,1616.0,10.0,95.0,67.0,726.0,10.0,82.0,50.0,655.0,7.0,249.0,1159.0,6.0,49.0,34.0,224.0,0.0,134.0,491.0,3.0,39.0,32.0,228.0,1.0,87.0,61.0,593.0,3.0,7.0,4.0,40.0,1.0,4450.0,34.0,1930.0,10.0,51.0,16.0,6.0,22.0,0.0,5.0,9.0,0.0,18.0,2.5,4.0,15.0,5.0,0.0,63.0,5.0,2.0,4.0,24.0,8.0,0.0,4.0,1.0,8.0,41.0,1.0,5.0,33.0,68.0,1.0,7.0,33.0,38.0,0.868,36.0,40.0,78.0,3624.0,26.0,3225.0,0.0,0.0,0.0,0.0,30.0,101.0,4.3,1.0,17,0.94,17,1.0,17,0.0,6,1.0,13,0.329,1
New England Patriots,2021,521.0,352.0,3801.0,22.0,13.0,44.0,129.0,0.0,126.0,83.0,866.0,2.0,70.0,55.0,800.0,5.0,64.0,37.0,473.0,3.0,202.0,929.0,15.0,21.0,18.0,132.0,0.0,133.0,606.0,5.0,18.0,14.0,123.0,0.0,75.0,50.0,603.0,9.0,45.0,28.0,294.0,1.0,4098.0,24.0,2151.0,24.0,36.0,23.0,12.5,31.0,1.0,3.0,21.0,4.0,25.0,1.0,0.0,23.0,1.5,0.0,50.0,1.0,0.0,2.0,34.0,5.0,1.0,10.0,0.0,7.0,33.0,0.0,5.0,14.0,56.0,4.0,5.0,36.0,39.0,0.923,42.0,47.0,49.0,2316.0,23.0,2058.0,0.0,0.0,0.0,0.0,28.0,86.0,4.4,0.871,16,0.857,9,0.972,15,0.612,16,0.988,17,0.321,1
New Orleans Saints,2021,188.0,108.0,1154.0,11.0,3.0,9.0,20.0,1.0,84.0,46.0,698.0,6.0,59.0,36.0,570.0,3.0,50.0,32.0,377.0,3.0,240.0,898.0,4.0,67.0,47.0,439.0,5.0,68.0,260.0,1.0,26.0,20.0,138.0,0.0,43.0,27.0,263.0,2.0,22.0,13.0,159.0,4.0,3437.0,29.0,1991.0,12.0,46.0,18.0,9.0,21.0,0.0,4.0,13.0,2.0,16.0,0.0,3.0,10.0,2.0,0.0,35.0,12.5,0.0,6.0,32.0,3.5,1.0,2.0,3.0,19.0,53.0,3.0,8.0,51.0,50.0,2.0,8.0,16.0,18.0,0.889,31.0,38.0,83.0,3956.0,29.0,3485.0,0.0,0.0,0.0,0.0,37.0,113.0,3.9,0.994,10,0.94,1,1.0,17,0.853,6,0.923,12,0.331,1
New York Giants,2021,361.0,232.0,2428.0,10.0,7.0,62.0,298.0,2.0,76.0,37.0,521.0,0.0,58.0,26.0,339.0,2.0,57.0,39.0,420.0,0.0,162.0,593.0,2.0,57.0,41.0,263.0,2.0,145.0,593.0,2.0,45.0,40.0,268.0,1.0,73.0,46.0,408.0,3.0,39.0,26.0,257.0,1.0,3463.0,15.0,1688.0,8.0,34.0,15.0,6.5,27.0,2.0,1.0,2.0,0.0,25.0,3.5,1.0,25.0,2.5,2.0,53.0,0.0,2.0,6.0,31.0,0.0,0.0,2.0,4.0,17.0,36.0,0.0,8.0,65.0,54.0,5.0,10.0,29.0,33.0,0.879,17.0,17.0,74.0,3283.0,24.0,2926.0,0.0,0.0,0.0,0.0,38.0,79.0,4.03,0.953,13,0.906,16,0.948,17,0.57,8,0.938,16,0.285,1
New York Jets,2021,383.0,213.0,2334.0,9.0,11.0,29.0,185.0,4.0,77.0,43.0,538.0,5.0,71.0,51.0,447.0,2.0,65.0,46.0,431.0,2.0,147.0,639.0,4.0,55.0,36.0,325.0,0.0,84.0,356.0,0.0,16.0,11.0,49.0,0.0,42.0,27.0,261.0,2.0,25.0,16.0,173.0,1.0,3959.0,20.0,1667.0,14.0,31.0,7.0,6.0,14.0,1.0,2.0,4.0,0.0,30.0,6.0,3.0,17.0,0.0,0.0,83.0,2.0,0.0,2.0,64.0,2.0,0.0,5.0,0.0,16.0,58.0,2.0,9.0,46.0,37.0,2.0,3.0,13.0,19.0,0.684,23.0,27.0,70.0,3274.0,23.0,2948.0,0.0,0.0,0.0,0.0,53.0,88.0,4.39,0.938,17,0.911,15,0.998,16,0.82,8,0.992,15,0.272,1
Philadelphia Eagles,2021,432.0,265.0,3144.0,16.0,9.0,139.0,784.0,10.0,104.0,64.0,916.0,5.0,62.0,43.0,647.0,1.0,57.0,33.0,299.0,2.0,137.0,754.0,0.0,34.0,26.0,158.0,0.0,87.0,373.0,7.0,16.0,13.0,83.0,0.0,76.0,56.0,830.0,4.0,31.0,18.0,189.0,2.0,3585.0,20.0,2715.0,25.0,29.0,12.0,2.0,17.0,0.0,1.0,19.0,0.0,25.0,7.5,1.0,17.0,3.5,0.0,73.0,0.0,1.0,4.0,59.0,1.0,1.0,5.0,3.0,9.0,37.0,1.0,7.0,31.0,47.0,1.0,9.0,30.0,33.0,0.909,44.0,44.0,55.0,2416.0,17.0,2131.0,0.0,0.0,0.0,0.0,31.0,83.0,4.94,1.0,14,0.962,13,0.948,14,0.89,3,0.894,17,0.299,1
Pittsburgh Steelers,2021,605.0,390.0,3740.0,22.0,10.0,20.0,5.0,1.0,169.0,107.0,1161.0,8.0,105.0,59.0,860.0,2.0,66.0,39.0,277.0,0.0,307.0,1200.0,7.0,94.0,74.0,467.0,3.0,36.0,98.0,0.0,4.0,2.0,13.0,0.0,79.0,60.0,497.0,7.0,25.0,19.0,167.0,0.0,4017.0,23.0,1583.0,10.0,55.0,13.0,22.5,42.0,7.0,10.0,39.0,9.0,24.0,7.0,3.0,6.0,0.0,1.0,57.0,0.0,1.0,6.0,37.0,6.0,0.0,0.0,3.0,9.0,12.0,0.0,6.0,20.0,76.0,2.0,7.0,36.0,40.0,0.9,27.0,29.0,77.0,3347.0,26.0,2959.0,0.0,0.0,0.0,0.0,38.0,106.0,3.85,0.987,6,0.986,16,0.931,17,0.911,9,0.965,15,0.301,1
San Francisco 49ers,2021,441.0,301.0,3810.0,20.0,12.0,38.0,51.0,3.0,121.0,77.0,1405.0,6.0,84.0,56.0,826.0,5.0,38.0,24.0,282.0,5.0,207.0,963.0,5.0,20.0,19.0,137.0,1.0,79.0,294.0,2.0,8.0,7.0,31.0,0.0,94.0,71.0,910.0,6.0,6.0,5.0,52.0,0.0,4437.0,26.0,2166.0,22.0,48.0,9.0,15.5,38.0,1.0,6.5,10.0,1.0,34.0,2.0,1.0,6.0,0.0,0.0,71.0,0.5,0.0,4.0,51.0,2.0,1.0,5.0,1.0,5.0,35.0,1.0,5.0,16.0,44.0,2.0,6.0,20.0,23.0,0.87,42.0,46.0,59.0,2656.0,22.0,2400.0,0.0,0.0,0.0,0.0,33.0,103.0,4.34,1.0,1,0.971,15,1.0,17,0.996,17,0.995,17,0.306,1
Seattle Seahawks,2021,400.0,259.0,3113.0,25.0,6.0,43.0,183.0,2.0,129.0,75.0,967.0,12.0,107.0,73.0,1175.0,8.0,40.0,25.0,343.0,4.0,119.0,749.0,6.0,8.0,6.0,48.0,0.0,108.0,411.0,2.0,10.0,9.0,87.0,0.0,63.0,48.0,478.0,4.0,26.0,21.0,231.0,1.0,3815.0,30.0,2074.0,18.0,33.0,11.0,8.5,19.0,7.0,6.5,19.0,4.0,20.0,1.5,3.0,19.0,2.0,1.0,83.0,1.0,0.0,5.0,78.0,1.0,1.0,5.0,0.0,10.0,38.0,2.0,10.0,48.0,54.0,5.0,7.0,17.0,23.0,0.739,44.0,47.0,83.0,3895.0,40.0,3461.0,0.0,0.0,0.0,0.0,46.0,92.0,5.02,0.98,17,0.955,10,0.991,16,0.939,13,0.788,13,0.339,1
Tampa Bay Buccaneers,2021,719.0,485.0,5316.0,43.0,12.0,28.0,81.0,2.0,127.0,98.0,1103.0,5.0,114.0,74.0,1035.0,14.0,62.0,42.0,545.0,4.0,180.0,812.0,8.0,84.0,69.0,454.0,2.0,101.0,428.0,4.0,13.0,10.0,64.0,0.0,89.0,55.0,802.0,6.0,57.0,30.0,245.0,4.0,5383.0,43.0,1672.0,18.0,47.0,17.0,4.0,18.0,3.0,2.5,19.0,4.0,20.0,4.0,3.0,18.0,4.5,0.0,81.0,3.5,0.0,3.0,34.0,10.0,1.0,4.0,1.0,11.0,31.0,2.0,9.0,39.0,59.0,2.0,6.0,25.0,30.0,0.833,56.0,59.0,62.0,2605.0,26.0,2381.0,0.0,0.0,0.0,0.0,23.0,127.0,4.34,1.0,17,0.971,17,1.0,17,0.935,16,0.974,17,0.321,2
Tennessee Titans,2021,531.0,357.0,3734.0,21.0,14.0,55.0,270.0,7.0,105.0,63.0,869.0,5.0,57.0,38.0,476.0,4.0,48.0,31.0,434.0,1.0,219.0,937.0,10.0,20.0,18.0,154.0,0.0,133.0,566.0,3.0,11.0,9.0,123.0,0.0,43.0,34.0,291.0,2.0,40.0,31.0,210.0,3.0,3745.0,22.0,2404.0,23.0,42.0,16.0,3.0,10.0,1.0,2.5,11.0,1.0,34.0,8.5,6.0,24.0,9.0,6.0,44.0,12.0,0.0,0.0,40.0,0.0,2.0,6.0,2.0,14.0,29.0,1.0,6.0,33.0,42.0,5.0,13.0,26.0,31.0,0.839,43.0,47.0,58.0,2570.0,20.0,2307.0,0.0,0.0,0.0,0.0,47.0,93.0,4.36,0.922,13,0.543,3,0.999,17,0.966,14,0.982,17,0.311,1
Washington Commanders,2021,494.0,321.0,3419.0,20.0,15.0,60.0,313.0,1.0,130.0,77.0,1053.0,5.0,62.0,41.0,383.0,0.0,44.0,24.0,296.0,3.0,258.0,1037.0,7.0,52.0,42.0,294.0,3.0,68.0,266.0,2.0,11.0,10.0,73.0,0.0,49.0,30.0,271.0,2.0,25.0,18.0,196.0,3.0,3746.0,21.0,2061.0,13.0,37.0,11.0,9.0,24.0,0.0,5.0,12.0,0.0,28.0,4.5,0.0,14.0,2.5,0.0,66.0,1.0,2.0,7.0,46.0,3.0,2.0,2.0,1.0,16.0,58.0,4.0,9.0,46.0,57.0,0.0,5.0,12.0,14.0,0.857,25.0,29.0,62.0,2985.0,22.0,2601.0,0.0,0.0,0.0,0.0,43.0,104.0,4.32,0.995,17,0.858,9,0.998,16,0.957,11,0.926,8,0.289,1
Arizona Cardinals,2022,390.0,259.0,2368.0,14.0,7.0,67.0,418.0,3.0,107.0,67.0,709.0,3.0,96.0,64.0,717.0,3.0,64.0,52.0,467.0,2.0,183.0,782.0,7.0,58.0,46.0,300.0,1.0,70.0,299.0,2.0,33.0,24.0,184.0,0.0,69.0,47.0,406.0,4.0,39.0,29.0,265.0,1.0,3966.0,17.0,1873.0,15.0,36.0,11.0,12.5,27.0,7.0,5.5,17.0,8.0,8.0,0.0,0.0,6.0,0.0,0.0,50.0,2.0,1.0,6.0,26.0,0.0,0.0,1.0,3.0,10.0,40.0,1.0,5.0,37.0,63.0,2.0,7.0,22.0,25.0,0.88,24.0,27.0,67.0,3157.0,18.0,2740.0,0.0,0.0,0.0,0.0,46.0,106.0,4.32,0.991,8,0.978,17,0.906,13,0.67,5,1.0,11,0.284,2
Atlanta Falcons,2022,300.0,184.0,2219.0,15.0,9.0,85.0,438.0,4.0,117.0,72.0,866.0,4.0,61.0,40.0,533.0,3.0,23.0,13.0,268.0,2.0,210.0,1035.0,3.0,17.0,16.0,139.0,1.0,144.0,695.0,8.0,31.0,21.0,122.0,0.0,59.0,28.0,356.0,2.0,21.0,16.0,150.0,4.0,2927.0,17.0,2718.0,17.0,21.0,10.0,0.0,2.0,0.0,0.0,0.0,0.0,25.0,6.0,3.0,13.0,0.0,0.0,60.0,2.0,0.0,4.0,46.0,1.0,2.0,6.0,0.0,9.0,30.0,1.0,7.0,18.0,64.0,2.0,7.0,32.0,37.0,0.865,33.0,35.0,62.0,2845.0,23.0,2555.0,0.0,0.0,0.0,0.0,37.0,69.0,4.86,1.0,9,1.0,17,0.996,17,0.268,17,1.0,17,0.308,1
Baltimore Ravens,2022,326.0,203.0,2242.0,17.0,7.0,112.0,764.0,3.0,75.0,48.0,458.0,2.0,49.0,37.0,407.0,3.0,28.0,15.0,285.0,2.0,109.0,482.0,4.0,26.0,17.0,89.0,1.0,92.0,520.0,2.0,8.0,7.0,42.0,1.0,113.0,73.0,847.0,5.0,60.0,36.0,373.0,3.0,3202.0,19.0,2720.0,14.0,48.0,14.0,9.5,14.0,1.0,5.5,16.0,2.0,22.0,1.0,6.0,22.0,5.5,3.0,66.0,5.0,2.0,6.0,40.0,2.0,1.0,3.0,3.0,7.0,49.0,0.0,7.0,28.0,49.0,0.0,4.0,37.0,43.0,0.86,31.0,32.0,57.0,2618.0,26.0,2329.0,0.0,0.0,0.0,0.0,38.0,95.0,5.17,0.93,17,0.858,11,1.0,17,1.0,15,0.998,17,0.306,1
Buffalo Bills,2022,567.0,359.0,4283.0,35.0,14.0,124.0,762.0,7.0,154.0,108.0,1429.0,11.0,93.0,48.0,836.0,7.0,65.0,42.0,423.0,4.0,177.0,819.0,5.0,52.0,38.0,280.0,1.0,89.0,507.0,2.0,32.0,21.0,180.0,1.0,65.0,48.0,517.0,6.0,11.0,8.0,84.0,1.0,4291.0,35.0,2232.0,15.0,40.0,17.0,8.0,17.0,2.0,6.5,12.0,5.0,15.0,2.0,0.0,15.0,2.5,3.0,58.0,1.0,1.0,7.0,23.0,8.0,0.0,4.0,2.0,12.0,40.0,1.0,9.0,53.0,54.0,0.0,2.0,27.0,31.0,0.871,48.0,50.0,45.0,2146.0,16.0,1901.0,0.0,0.0,0.0,0.0,33.0,98.0,5.19,0.952,15,0.896,14,0.976,16,0.349,16,0.947,15,0.307,1
Carolina Panthers,2022,206.0,119.0,1313.0,6.0,6.0,16.0,52.0,1.0,118.0,63.0,888.0,7.0,47.0,28.0,490.0,1.0,41.0,22.0,296.0,2.0,203.0,914.0,5.0,9.0,5.0,26.0,0.0,95.0,466.0,2.0,17.0,14.0,171.0,0.0,32.0,19.0,174.0,3.0,30.0,21.0,197.0,0.0,3246.0,16.0,2210.0,16.0,35.0,10.0,2.5,15.0,0.0,2.0,19.0,0.0,24.0,1.0,7.0,13.0,1.0,1.0,64.0,7.0,1.0,4.0,30.0,12.5,0.0,3.0,3.0,7.0,35.0,2.0,6.0,46.0,46.0,0.0,6.0,33.0,35.0,0.943,30.0,32.0,81.0,3925.0,39.0,3574.0,0.0,0.0,0.0,0.0,36.0,91.0,4.58,1.0,17,1.0,17,0.967,17,0.077,11,1.0,6,0.328,1
Chicago Bears,2022,318.0,192.0,2242.0,17.0,11.0,160.0,1143.0,8.0,61.0,40.0,493.0,2.0,41.0,19.0,245.0,3.0,38.0,21.0,323.0,1.0,201.0,801.0,5.0,40.0,34.0,316.0,1.0,129.0,731.0,4.0,12.0,9.0,57.0,1.0,69.0,50.0,544.0,7.0,9.0,7.0,116.0,1.0,2598.0,19.0,3014.0,18.0,20.0,14.0,1.5,16.0,2.0,1.0,6.0,0.0,21.0,3.0,4.0,15.0,1.0,0.0,62.0,0.0,1.0,2.0,44.0,2.5,2.0,3.0,0.0,7.0,25.0,3.0,6.0,48.0,63.0,1.0,2.0,21.0,23.0,0.913,27.0,32.0,66.0,3038.0,20.0,2697.0,0.0,0.0,0.0,0.0,58.0,43.0,5.4,1.0,17,0.706,13,0.948,12,0.653,7,0.989,17,0.293,1
Cincinnati Bengals,2022,606.0,414.0,4475.0,35.0,12.0,75.0,257.0,5.0,134.0,87.0,1046.0,9.0,109.0,74.0,1029.0,7.0,82.0,58.0,762.0,5.0,210.0,814.0,7.0,75.0,60.0,441.0,2.0,95.0,394.0,2.0,51.0,38.0,287.0,4.0,68.0,52.0,414.0,2.0,18.0,17.0,139.0,1.0,4520.0,35.0,1528.0,14.0,30.0,13.0,8.0,19.0,3.0,6.5,31.0,3.0,10.0,0.0,4.0,7.0,0.5,1.0,71.0,2.5,1.0,4.0,40.0,1.0,2.0,10.0,0.0,8.0,32.0,1.0,6.0,41.0,44.0,4.0,8.0,24.0,29.0,0.828,40.0,44.0,59.0,2613.0,22.0,2287.0,0.0,0.0,0.0,0.0,44.0,102.0,3.83,0.994,16,0.925,15,1.0,16,0.981,16,0.994,16,0.319,2
Cleveland Browns,2022,369.0,236.0,2608.0,12.0,6.0,49.0,243.0,2.0,132.0,78.0,1160.0,9.0,96.0,61.0,839.0,3.0,35.0,24.0,214.0,0.0,302.0,1525.0,12.0,37.0,27.0,239.0,1.0,123.0,468.0,3.0,44.0,35.0,210.0,1.0,80.0,58.0,628.0,4.0,42.0,31.0,239.0,1.0,3710.0,19.0,2490.0,19.0,34.0,11.0,16.0,29.0,4.0,2.0,11.0,3.0,14.0,2.0,2.0,7.0,3.0,1.0,34.0,0.0,0.0,4.0,33.0,1.0,0.0,0.0,3.0,15.0,37.0,0.0,15.0,47.0,61.0,4.0,10.0,24.0,32.0,0.75,35.0,37.0,61.0,2959.0,23.0,2500.0,0.0,0.0,0.0,0.0,44.0,66.0,4.68,0.983,17,0.946,14,1.0,17,0.888,15,0.925,13,0.301,1
Dallas Cowboys,2022,394.0,261.0,2860.0,23.0,15.0,45.0,182.0,1.0,156.0,107.0,1359.0,9.0,74.0,43.0,555.0,3.0,74.0,39.0,424.0,4.0,231.0,876.0,12.0,23.0,17.0,92.0,0.0,193.0,1007.0,9.0,55.0,39.0,371.0,3.0,89.0,57.0,577.0,5.0,22.0,19.0,174.0,2.0,3911.0,28.0,2298.0,24.0,54.0,16.0,8.5,15.0,0.0,6.0,20.0,2.0,24.0,4.0,0.0,14.0,1.0,1.0,39.0,6.0,0.0,3.0,36.0,13.5,0.0,3.0,3.0,14.0,47.0,0.0,7.0,32.0,73.0,1.0,2.0,29.0,32.0,0.906,50.0,53.0,68.0,3291.0,27.0,2913.0,0.0,0.0,0.0,0.0,27.0,110.0,4.33,0.985,17,0.947,13,0.984,17,0.871,15,0.977,16,0.335,2
Denver Broncos,2022,483.0,292.0,3524.0,16.0,11.0,55.0,277.0,3.0,109.0,64.0,829.0,2.0,100.0,67.0,972.0,6.0,33.0,24.0,311.0,0.0,160.0,703.0,5.0,34.0,26.0,124.0,0.0,90.0,318.0,2.0,32.0,25.0,223.0,0.0,55.0,33.0,411.0,2.0,24.0,15.0,148.0,1.0,4007.0,18.0,1935.0,11.0,36.0,15.0,6.5,19.0,0.0,5.5,12.0,1.0,16.0,1.5,0.0,16.0,2.0,6.0,77.0,0.0,0.0,3.0,61.0,2.5,2.0,4.0,2.0,10.0,41.0,0.0,3.0,10.0,52.0,0.0,3.0,28.0,36.0,0.778,25.0,27.0,96.0,4470.0,30.0,3988.0,0.0,0.0,0.0,0.0,63.0,81.0,4.36,0.983,15,0.964,5,0.97,15,0.872,13,0.93,8,0.355,2
Detroit Lions,2022,587.0,382.0,4438.0,29.0,7.0,29.0,73.0,0.0,146.0,106.0,1161.0,6.0,64.0,47.0,616.0,0.0,59.0,38.0,479.0,3.0,262.0,1066.0,17.0,16.0,12.0,73.0,0.0,99.0,542.0,5.0,70.0,48.0,389.0,3.0,43.0,26.0,395.0,3.0,24.0,18.0,216.0,4.0,4444.0,29.0,2179.0,23.0,39.0,12.0,9.5,28.0,3.0,8.0,10.0,0.0,19.0,1.0,2.0,13.0,1.0,0.0,50.0,1.5,1.0,6.0,42.0,1.0,0.0,2.0,1.0,8.0,30.0,1.0,7.0,50.0,65.0,1.0,3.0,20.0,24.0,0.833,47.0,49.0,52.0,2525.0,14.0,2152.0,0.0,0.0,0.0,0.0,24.0,100.0,4.54,1.0,17,1.0,17,1.0,13,0.214,16,0.994,16,0.299,1
Green Bay Packers,2022,542.0,350.0,3695.0,26.0,12.0,34.0,94.0,1.0,100.0,60.0,788.0,6.0,67.0,42.0,425.0,3.0,66.0,41.0,611.0,7.0,213.0,1121.0,2.0,72.0,59.0,395.0,5.0,186.0,770.0,7.0,43.0,28.0,206.0,0.0,67.0,53.0,470.0,2.0,15.0,13.0,114.0,0.0,3890.0,27.0,2113.0,12.0,34.0,17.0,8.5,29.0,1.0,0.5,17.0,1.0,21.0,2.5,0.0,19.0,4.0,0.0,66.0,1.5,0.0,7.0,19.0,0.0,0.0,0.0,5.0,14.0,37.0,4.0,13.0,61.0,66.0,1.0,5.0,25.0,29.0,0.862,37.0,39.0,52.0,2313.0,24.0,2103.0,0.0,0.0,0.0,0.0,32.0,87.0,4.63,0.848,11,0.841,9,0.993,15,0.961,17,0.997,17,0.282,1
Houston Texans,2022,479.0,292.0,3118.0,17.0,15.0,32.0,108.0,2.0,93.0,57.0,699.0,3.0,74.0,48.0,548.0,2.0,66.0,37.0,481.0,2.0,220.0,939.0,4.0,39.0,30.0,165.0,1.0,42.0,123.0,1.0,26.0,20.0,104.0,0.0,54.0,37.0,495.0,5.0,28.0,14.0,128.0,0.0,3642.0,20.0,1476.0,7.0,39.0,16.0,9.0,19.0,1.0,5.0,21.0,2.0,19.0,3.5,2.0,16.0,1.0,1.0,38.0,1.0,1.0,5.0,16.0,3.0,0.0,2.0,1.0,7.0,33.0,1.0,5.0,33.0,83.0,5.0,8.0,29.0,31.0,0.935,24.0,24.0,88.0,4229.0,37.0,3748.0,0.0,0.0,0.0,0.0,38.0,78.0,3.71,1.0,17,0.943,17,0.996,16,0.889,15,1.0,1,0.314,1
Indianapolis Colts,2022,461.0,309.0,3057.0,14.0,13.0,27.0,70.0,1.0,141.0,99.0,925.0,4.0,91.0,63.0,623.0,3.0,78.0,41.0,593.0,2.0,192.0,861.0,4.0,40.0,28.0,143.0,0.0,76.0,365.0,1.0,5.0,4.0,12.0,0.0,40.0,31.0,302.0,0.0,40.0,25.0,312.0,3.0,3855.0,17.0,1866.0,8.0,44.0,10.0,9.5,15.0,0.0,6.0,31.0,0.0,34.0,8.0,3.0,33.0,4.0,3.0,85.0,0.0,0.0,5.0,32.0,1.0,0.0,2.0,2.0,11.0,46.0,0.0,4.0,47.0,52.0,2.0,8.0,30.0,36.0,0.833,23.0,23.0,70.0,3133.0,28.0,2881.0,0.0,0.0,0.0,0.0,60.0,90.0,4.25,0.991,16,0.663,16,1.0,17,0.614,16,0.958,17,0.293,1
Jacksonville Jaguars,2022,584.0,387.0,4113.0,25.0,8.0,62.0,291.0,5.0,133.0,84.0,1108.0,8.0,121.0,82.0,823.0,5.0,81.0,46.0,529.0,3.0,220.0,1125.0,5.0,45.0,35.0,316.0,0.0,81.0,340.0,3.0,11.0,9.0,46.0,1.0,98.0,73.0,766.0,4.0,13.0,9.0,135.0,0.0,4148.0,25.0,2116.0,16.0,35.0,14.0,7.0,26.0,2.0,5.0,11.0,2.0,24.0,2.5,1.0,12.0,1.5,3.0,97.0,2.0,0.0,5.0,52.0,0.0,3.0,8.0,0.0,16.0,30.0,3.0,15.0,52.0,66.0,3.0,12.0,30.0,35.0,0.857,36.0,37.0,58.0,2862.0,24.0,2539.0,0.0,0.0,0.0,0.0,28.0,111.0,4.72,0.978,17,0.974,14,0.968,17,0.878,5,1.0,17,0.311,1
Kansas City Chiefs,2022,648.0,435.0,5250.0,41.0,12.0,61.0,358.0,4.0,101.0,78.0,933.0,3.0,81.0,42.0,687.0,2.0,34.0,15.0,315.0,2.0,170.0,830.0,5.0,14.0,13.0,130.0,0.0,72.0,291.0,1.0,71.0,56.0,512.0,9.0,152.0,110.0,1338.0,12.0,34.0,28.0,299.0,1.0,5250.0,41.0,1970.0,18.0,55.0,11.0,15.5,23.0,4.0,6.0,17.0,7.0,18.0,3.5,1.0,8.0,0.0,0.0,99.0,2.0,2.0,3.0,42.0,2.5,1.0,8.0,0.0,7.0,25.0,1.0,7.0,27.0,65.0,3.0,11.0,18.0,24.0,0.75,50.0,55.0,53.0,2672.0,22.0,2416.0,0.0,0.0,0.0,0.0,26.0,119.0,4.72,0.984,17,0.054,17,0.979,15,0.964,16,0.988,17,0.312,1
Las Vegas Raiders,2022,502.0,305.0,3522.0,24.0,14.0,24.0,102.0,0.0,180.0,100.0,1516.0,14.0,94.0,57.0,690.0,4.0,50.0,36.0,330.0,2.0,340.0,1653.0,12.0,64.0,53.0,400.0,0.0,17.0,66.0,0.0,9.0,9.0,57.0,1.0,54.0,33.0,420.0,2.0,43.0,28.0,388.0,3.0,4182.0,28.0,2059.0,12.0,27.0,6.0,12.5,49.0,4.0,4.5,19.0,3.0,15.0,1.0,0.0,8.0,1.5,0.0,48.0,1.0,2.0,2.0,35.0,0.0,0.0,1.0,2.0,9.0,25.0,0.0,7.0,33.0,56.0,2.0,5.0,34.0,37.0,0.919,35.0,36.0,59.0,2884.0,26.0,2590.0,0.0,0.0,0.0,0.0,35.0,94.0,4.81,1.0,16,0.335,17,0.94,17,0.871,15,1.0,15,0.295,1
Los Angeles Chargers,2022,699.0,477.0,4739.0,25.0,10.0,54.0,147.0,0.0,107.0,72.0,769.0,3.0,93.0,63.0,895.0,4.0,89.0,66.0,752.0,4.0,204.0,915.0,13.0,127.0,107.0,722.0,5.0,69.0,287.0,2.0,25.0,14.0,101.0,0.0,87.0,58.0,555.0,4.0,18.0,10.0,72.0,0.0,4791.0,26.0,1524.0,15.0,40.0,14.0,8.0,25.0,2.0,6.5,17.0,0.0,22.0,2.0,1.0,11.0,1.0,1.0,75.0,5.0,1.0,4.0,37.0,1.0,1.0,3.0,1.0,15.0,41.0,2.0,11.0,45.0,58.0,2.0,6.0,19.0,20.0,0.95,40.0,40.0,73.0,3186.0,28.0,3028.0,0.0,0.0,0.0,0.0,39.0,77.0,3.77,0.917,14,0.847,3,0.998,17,0.994,17,0.893,14,0.321,1
Los Angeles Rams,2022,303.0,206.0,2087.0,10.0,8.0,13.0,9.0,1.0,98.0,75.0,812.0,6.0,61.0,39.0,376.0,0.0,52.0,33.0,339.0,3.0,188.0,786.0,7.0,18.0,13.0,117.0,0.0,70.0,283.0,3.0,22.0,17.0,102.0,0.0,108.0,72.0,620.0,3.0,11.0,7.0,109.0,0.0,3506.0,16.0,1661.0,15.0,38.0,16.0,9.0,25.0,0.0,0.5,8.0,0.0,19.0,5.0,2.0,18.0,0.0,0.0,65.0,6.0,2.0,5.0,52.0,0.0,1.0,2.0,4.0,18.0,57.0,3.0,5.0,14.0,51.0,2.0,5.0,28.0,30.0,0.933,31.0,32.0,71.0,3434.0,19.0,2982.0,0.0,0.0,0.0,0.0,59.0,80.0,4.04,0.994,17,0.857,8,0.95,4,0.938,13,0.889,9,0.311,1
Miami Dolphins,2022,400.0,259.0,3548.0,25.0,8.0,24.0,70.0,0.0,170.0,119.0,1710.0,7.0,117.0,75.0,1356.0,8.0,51.0,30.0,417.0,2.0,181.0,891.0,3.0,42.0,31.0,202.0,2.0,84.0,392.0,3.0,24.0,12.0,94.0,1.0,52.0,32.0,362.0,5.0,20.0,15.0,129.0,1.0,4765.0,30.0,1686.0,12.0,40.0,8.0,4.5,56.0,0.0,4.0,54.0,4.0,43.0,3.5,6.0,13.0,1.0,0.0,34.0,7.0,0.0,2.0,19.0,1.0,0.0,2.0,1.0,12.0,29.0,1.0,10.0,58.0,68.0,2.0,7.0,26.0,32.0,0.812,41.0,44.0,61.0,2828.0,28.0,2476.0,0.0,0.0,0.0,0.0,35.0,101.0,4.32,0.967,10,0.939,13,1.0,17,0.999,17,0.0,17,0.31,1
Minnesota Vikings,2022,643.0,424.0,4547.0,29.0,14.0,31.0,97.0,2.0,184.0,128.0,1809.0,8.0,107.0,70.0,716.0,6.0,90.0,60.0,650.0,5.0,264.0,1173.0,8.0,56.0,39.0,295.0,2.0,74.0,283.0,5.0,18.0,15.0,91.0,1.0,86.0,60.0,519.0,3.0,36.0,25.0,182.0,2.0,4818.0,30.0,1661.0,18.0,38.0,15.0,10.5,38.0,3.0,10.0,26.0,5.0,20.0,1.5,1.0,11.0,0.0,0.0,74.0,1.0,0.0,6.0,69.0,3.0,1.0,10.0,5.0,15.0,50.0,1.0,8.0,21.0,60.0,5.0,10.0,26.0,33.0,0.788,40.0,46.0,73.0,3457.0,32.0,3144.0,0.0,0.0,0.0,0.0,47.0,88.0,4.11,0.951,16,0.883,14,1.0,17,0.972,17,0.998,12,0.323,1
New England Patriots,2022,442.0,288.0,2997.0,14.0,11.0,47.0,102.0,1.0,96.0,67.0,804.0,6.0,53.0,31.0,362.0,2.0,48.0,35.0,434.0,1.0,210.0,1040.0,5.0,88.0,69.0,421.0,1.0,106.0,462.0,3.0,23.0,17.0,97.0,0.0,59.0,41.0,509.0,2.0,38.0,27.0,245.0,0.0,3815.0,19.0,1812.0,12.0,53.0,19.0,15.5,32.0,3.0,7.5,28.0,3.0,15.0,1.5,0.0,12.0,2.0,0.0,49.0,3.0,1.0,2.0,26.0,1.5,0.0,2.0,2.0,7.0,29.0,1.0,6.0,41.0,46.0,4.0,8.0,32.0,37.0,0.865,32.0,35.0,79.0,3338.0,22.0,2871.0,0.0,0.0,0.0,0.0,41.0,93.0,4.26,0.998,6,0.981,17,0.995,17,0.938,17,0.935,14,0.338,2
New Orleans Saints,2022,378.0,252.0,2871.0,18.0,9.0,30.0,54.0,0.0,119.0,72.0,1042.0,4.0,39.0,25.0,272.0,1.0,34.0,28.0,488.0,2.0,223.0,897.0,2.0,77.0,57.0,490.0,2.0,62.0,233.0,1.0,18.0,16.0,68.0,0.0,65.0,42.0,508.0,7.0,22.0,18.0,207.0,1.0,3969.0,24.0,1982.0,12.0,48.0,7.0,6.5,46.0,6.0,5.5,26.0,0.0,21.0,2.0,5.0,18.0,5.0,1.0,55.0,0.0,0.0,3.0,35.0,7.0,0.0,2.0,0.0,11.0,37.0,0.0,7.0,47.0,58.0,3.0,8.0,23.0,31.0,0.742,33.0,33.0,77.0,3571.0,32.0,3199.0,0.0,0.0,0.0,0.0,38.0,87.0,4.26,0.973,16,0.949,16,1.0,14,0.96,6,0.95,13,0.319,1
New York Giants,2022,472.0,317.0,3205.0,15.0,5.0,120.0,708.0,7.0,71.0,46.0,724.0,2.0,70.0,57.0,569.0,4.0,42.0,33.0,351.0,4.0,295.0,1312.0,10.0,76.0,57.0,338.0,0.0,54.0,220.0,1.0,25.0,20.0,118.0,0.0,35.0,30.0,268.0,2.0,18.0,13.0,118.0,1.0,3431.0,17.0,2519.0,21.0,40.0,6.0,2.5,20.0,0.0,0.0,0.0,0.0,25.0,7.5,3.0,4.0,1.0,0.0,39.0,1.0,0.0,0.0,26.0,4.0,0.0,5.0,0.0,10.0,44.0,0.0,8.0,28.0,67.0,2.0,5.0,29.0,32.0,0.906,32.0,34.0,74.0,3463.0,26.0,3006.0,0.0,0.0,0.0,0.0,49.0,106.0,4.84,0.978,16,0.863,13,0.974,16,0.703,7,0.967,15,0.318,1
New York Jets,2022,242.0,132.0,1688.0,6.0,7.0,28.0,102.0,1.0,147.0,83.0,1103.0,4.0,65.0,37.0,446.0,1.0,64.0,32.0,536.0,2.0,114.0,402.0,3.0,54.0,41.0,288.0,0.0,85.0,300.0,1.0,14.0,13.0,100.0,0.0,87.0,58.0,552.0,3.0,27.0,21.0,232.0,2.0,4040.0,15.0,1686.0,13.0,44.0,12.0,7.0,17.0,0.0,5.0,12.0,1.0,31.0,12.0,4.0,21.0,3.0,0.0,76.0,1.0,1.0,7.0,58.0,3.0,0.0,1.0,2.0,20.0,46.0,1.0,12.0,58.0,51.0,2.0,8.0,30.0,37.0,0.811,28.0,29.0,83.0,3889.0,27.0,3366.0,0.0,0.0,0.0,0.0,42.0,130.0,4.16,0.988,12,0.899,8,1.0,11,0.998,17,1.0,17,0.336,1
Philadelphia Eagles,2022,460.0,306.0,3701.0,22.0,6.0,165.0,760.0,13.0,145.0,88.0,1496.0,11.0,136.0,95.0,1196.0,7.0,51.0,33.0,354.0,3.0,259.0,1269.0,11.0,26.0,20.0,78.0,0.0,54.0,217.0,3.0,6.0,5.0,15.0,0.0,69.0,55.0,702.0,3.0,14.0,11.0,123.0,0.0,4364.0,25.0,2509.0,32.0,69.0,17.0,16.0,34.0,3.0,11.0,16.0,1.0,31.0,11.0,2.0,21.0,7.0,0.0,83.0,2.0,0.0,7.0,24.0,11.0,1.0,1.0,3.0,17.0,35.0,3.0,14.0,38.0,64.0,0.0,6.0,20.0,23.0,0.87,53.0,55.0,55.0,2448.0,17.0,2185.0,0.0,0.0,0.0,0.0,44.0,124.0,4.61,0.938,16,0.925,15,0.966,17,0.932,17,0.975,17,0.309,1
Pittsburgh Steelers,2022,389.0,245.0,2404.0,7.0,9.0,55.0,237.0,3.0,147.0,86.0,882.0,0.0,84.0,52.0,801.0,4.0,50.0,32.0,311.0,1.0,272.0,1034.0,7.0,53.0,41.0,229.0,3.0,77.0,379.0,1.0,33.0,28.0,214.0,0.0,98.0,63.0,732.0,2.0,23.0,19.0,132.0,0.0,3661.0,12.0,2073.0,16.0,40.0,20.0,10.5,31.0,4.0,5.5,20.0,5.0,20.0,1.5,0.0,8.0,0.5,0.0,50.0,0.0,0.0,3.0,40.0,1.0,0.0,4.0,3.0,15.0,31.0,1.0,4.0,19.0,50.0,6.0,11.0,20.0,28.0,0.714,26.0,26.0,69.0,3072.0,20.0,2835.0,0.0,0.0,0.0,0.0,38.0,84.0,4.15,1.0,17,0.999,17,1.0,17,1.0,17,0.962,17,0.32,1
San Francisco 49ers,2022,308.0,207.0,2437.0,16.0,4.0,23.0,33.0,2.0,114.0,78.0,1015.0,8.0,94.0,56.0,632.0,2.0,56.0,35.0,416.0,1.0,159.0,746.0,6.0,65.0,52.0,464.0,4.0,92.0,468.0,2.0,13.0,10.0,91.0,0.0,86.0,60.0,765.0,11.0,5.0,4.0,57.0,0.0,4049.0,30.0,2360.0,20.0,44.0,20.0,18.5,37.0,1.0,5.0,16.0,1.0,12.0,1.0,0.0,9.0,2.0,1.0,67.0,2.0,1.0,10.0,64.0,0.0,1.0,6.0,1.0,11.0,48.0,1.0,5.0,47.0,58.0,4.0,9.0,27.0,32.0,0.844,51.0,53.0,61.0,2676.0,32.0,2423.0,0.0,0.0,0.0,0.0,31.0,121.0,4.68,0.94,17,0.94,14,0.936,16,0.67,12,0.981,17,0.336,1
Seattle Seahawks,2022,572.0,399.0,4282.0,30.0,11.0,68.0,366.0,1.0,141.0,90.0,1048.0,6.0,117.0,84.0,1033.0,9.0,42.0,27.0,387.0,4.0,228.0,1050.0,9.0,35.0,27.0,165.0,0.0,57.0,346.0,2.0,5.0,4.0,16.0,0.0,63.0,50.0,486.0,4.0,38.0,34.0,349.0,3.0,4282.0,30.0,2042.0,12.0,44.0,14.0,9.5,20.0,1.0,5.5,14.0,2.0,22.0,2.0,1.0,18.0,3.0,2.0,85.0,1.0,0.0,5.0,71.0,2.0,2.0,6.0,6.0,16.0,45.0,1.0,12.0,58.0,42.0,4.0,7.0,34.0,37.0,0.919,41.0,42.0,66.0,3199.0,22.0,2932.0,0.0,0.0,0.0,0.0,46.0,98.0,4.8,0.998,17,0.964,16,0.958,16,0.704,15,0.955,17,0.316,1
Tampa Bay Buccaneers,2022,733.0,490.0,4694.0,25.0,9.0,29.0,-1.0,1.0,142.0,104.0,1023.0,3.0,127.0,77.0,1124.0,6.0,70.0,51.0,426.0,5.0,189.0,668.0,3.0,83.0,73.0,523.0,3.0,129.0,481.0,1.0,58.0,50.0,290.0,2.0,65.0,42.0,391.0,2.0,38.0,20.0,174.0,0.0,4746.0,26.0,1308.0,5.0,44.0,10.0,4.0,22.0,2.0,3.0,72.0,5.0,21.0,0.0,0.0,15.0,6.5,0.0,59.0,5.5,0.0,5.0,23.0,5.5,0.0,0.0,1.0,12.0,46.0,2.0,8.0,41.0,53.0,1.0,3.0,31.0,38.0,0.816,24.0,25.0,79.0,3859.0,22.0,3285.0,0.0,0.0,0.0,0.0,22.0,104.0,3.39,1.0,4,0.999,13,0.982,17,0.936,11,0.942,13,0.321,1
Tennessee Titans,2022,325.0,212.0,2536.0,13.0,6.0,34.0,98.0,2.0,91.0,53.0,527.0,2.0,54.0,33.0,444.0,1.0,50.0,25.0,397.0,3.0,349.0,1538.0,13.0,41.0,33.0,398.0,0.0,25.0,93.0,0.0,12.0,11.0,57.0,0.0,60.0,41.0,444.0,2.0,46.0,32.0,450.0,3.0,3227.0,16.0,2131.0,16.0,39.0,14.0,7.0,19.0,0.0,4.0,12.0,0.0,24.0,7.5,7.0,14.0,8.0,4.0,37.0,0.0,2.0,5.0,33.0,1.0,0.0,1.0,0.0,9.0,22.0,1.0,8.0,64.0,57.0,4.0,6.0,17.0,20.0,0.85,32.0,33.0,90.0,4779.0,30.0,3963.0,0.0,0.0,0.0,0.0,49.0,104.0,4.38,0.966,16,0.963,13,0.995,13,0.961,12,1.0,4,0.329,1
Washington Commanders,2022,276.0,172.0,1755.0,11.0,9.0,22.0,86.0,1.0,120.0,77.0,1191.0,5.0,92.0,64.0,656.0,4.0,61.0,35.0,523.0,7.0,205.0,797.0,2.0,12.0,9.0,60.0,1.0,149.0,546.0,3.0,58.0,46.0,353.0,2.0,61.0,39.0,323.0,1.0,22.0,14.0,108.0,1.0,3783.0,24.0,2143.0,9.0,43.0,9.0,8.0,24.0,2.0,7.5,37.0,3.0,27.0,11.5,5.0,6.0,0.0,1.0,56.0,3.0,0.0,1.0,33.0,0.0,0.0,1.0,3.0,13.0,35.0,0.0,7.0,34.0,54.0,0.0,0.0,25.0,30.0,0.833,24.0,28.0,83.0,3885.0,37.0,3566.0,0.0,0.0,0.0,0.0,48.0,108.0,3.98,1.0,17,0.616,16,1.0,1,0.998,16,0.995,2,0.314,1
Arizona Cardinals,2023,268.0,176.0,1799.0,10.0,5.0,44.0,244.0,3.0,101.0,51.0,574.0,4.0,62.0,40.0,352.0,1.0,58.0,38.0,565.0,3.0,208.0,1040.0,7.0,33.0,27.0,165.0,2.0,58.0,284.0,2.0,30.0,21.0,119.0,0.0,106.0,81.0,825.0,3.0,43.0,27.0,187.0,1.0,3430.0,18.0,2365.0,17.0,33.0,11.0,2.0,46.0,3.0,1.5,17.0,0.0,18.0,2.5,1.0,15.0,3.5,0.0,29.0,6.0,0.0,4.0,28.0,0.0,1.0,6.0,1.0,11.0,26.0,0.0,5.0,33.0,47.0,0.0,0.0,28.0,33.0,0.848,22.0,23.0,64.0,3172.0,13.0,2746.0,0.0,0.0,0.0,0.0,42.0,59.0,5.02,1.0,17,0.927,15,0.978,17,0.754,10,0.994,17,0.287,1
Atlanta Falcons,2023,388.0,249.0,2836.0,12.0,12.0,53.0,193.0,5.0,110.0,69.0,905.0,2.0,30.0,18.0,251.0,0.0,28.0,12.0,101.0,0.0,214.0,976.0,4.0,86.0,58.0,487.0,4.0,186.0,683.0,4.0,23.0,18.0,193.0,1.0,90.0,53.0,667.0,3.0,70.0,50.0,582.0,3.0,3775.0,17.0,2159.0,14.0,42.0,8.0,6.5,25.0,1.0,6.5,12.0,3.0,15.0,4.0,3.0,7.0,1.5,2.0,67.0,4.0,0.0,3.0,53.0,2.0,1.0,3.0,0.0,11.0,30.0,0.0,6.0,22.0,78.0,6.0,11.0,32.0,37.0,0.865,27.0,28.0,75.0,3523.0,27.0,3110.0,0.0,0.0,0.0,0.0,40.0,98.0,4.14,0.945,17,0.906,14,0.999,17,0.991,16,0.986,14,0.304,1
Baltimore Ravens,2023,457.0,307.0,3678.0,24.0,7.0,148.0,821.0,5.0,108.0,77.0,858.0,5.0,64.0,35.0,565.0,3.0,56.0,32.0,367.0,1.0,198.0,810.0,13.0,13.0,12.0,180.0,0.0,84.0,387.0,3.0,39.0,28.0,206.0,1.0,61.0,45.0,544.0,6.0,40.0,30.0,411.0,5.0,3881.0,27.0,2661.0,26.0,58.0,18.0,9.5,21.0,5.0,3.0,13.0,2.0,27.0,13.0,0.0,24.0,1.0,2.0,74.0,1.5,1.0,8.0,67.0,3.5,1.0,6.0,2.0,11.0,53.0,0.0,7.0,20.0,57.0,4.0,13.0,32.0,37.0,0.865,51.0,52.0,66.0,3158.0,28.0,2625.0,0.0,0.0,0.0,0.0,41.0,117.0,4.92,0.837,13,0.831,14,0.994,17,0.972,15,0.933,15,0.339,1
Buffalo Bills,2023,579.0,385.0,4306.0,29.0,18.0,111.0,524.0,15.0,160.0,107.0,1183.0,8.0,81.0,45.0,746.0,7.0,45.0,39.0,611.0,2.0,237.0,1122.0,2.0,54.0,44.0,445.0,4.0,79.0,300.0,4.0,22.0,17.0,119.0,0.0,91.0,73.0,673.0,2.0,36.0,22.0,186.0,2.0,4306.0,29.0,2212.0,22.0,53.0,18.0,10.5,15.0,1.0,6.5,9.0,8.0,25.0,9.5,3.0,8.0,2.5,5.0,68.0,6.5,3.0,5.0,44.0,2.5,0.0,2.0,2.0,10.0,38.0,4.0,8.0,21.0,58.0,0.0,4.0,24.0,29.0,0.828,49.0,50.0,51.0,2334.0,24.0,2037.0,0.0,0.0,0.0,0.0,24.0,117.0,4.32,0.997,17,0.963,17,1.0,17,0.974,16,0.969,17,0.305,1
Carolina Panthers,2023,527.0,315.0,2877.0,11.0,10.0,39.0,253.0,0.0,137.0,103.0,1014.0,4.0,85.0,43.0,418.0,0.0,66.0,35.0,525.0,5.0,238.0,902.0,5.0,44.0,39.0,233.0,0.0,129.0,432.0,1.0,41.0,27.0,154.0,0.0,32.0,18.0,184.0,1.0,32.0,23.0,194.0,3.0,3245.0,13.0,1769.0,7.0,27.0,8.0,4.5,14.0,0.0,1.0,11.0,1.0,47.0,2.0,6.0,15.0,0.5,5.0,54.0,5.5,0.0,5.0,25.0,8.0,0.0,2.0,1.0,6.0,26.0,0.0,5.0,44.0,36.0,1.0,2.0,25.0,29.0,0.862,17.0,20.0,82.0,3838.0,25.0,3528.0,0.0,0.0,0.0,0.0,65.0,74.0,3.98,1.0,1,1.0,17,1.0,4,0.816,9,1.0,17,0.315,1
Chicago Bears,2023,370.0,227.0,2562.0,16.0,9.0,124.0,657.0,4.0,136.0,96.0,1364.0,8.0,61.0,31.0,414.0,1.0,32.0,17.0,168.0,0.0,132.0,611.0,2.0,31.0,20.0,134.0,1.0,109.0,425.0,4.0,16.0,11.0,77.0,1.0,90.0,73.0,719.0,6.0,17.0,11.0,112.0,0.0,3421.0,19.0,2399.0,16.0,30.0,22.0,6.0,15.0,3.0,4.0,11.0,0.0,17.0,4.5,4.0,12.0,2.5,2.0,74.0,2.5,3.0,7.0,56.0,0.0,4.0,7.0,4.0,16.0,56.0,4.0,10.0,28.0,55.0,1.0,9.0,35.0,38.0,0.921,31.0,33.0,67.0,3088.0,18.0,2547.0,0.0,0.0,0.0,0.0,50.0,92.0,4.49,0.996,17,0.975,11,0.856,11,0.711,17,0.877,16,0.312,1
Cincinnati Bengals,2023,365.0,244.0,2309.0,15.0,6.0,31.0,88.0,0.0,145.0,100.0,1216.0,7.0,98.0,67.0,667.0,2.0,76.0,42.0,656.0,5.0,257.0,1034.0,9.0,64.0,52.0,376.0,3.0,44.0,179.0,0.0,15.0,14.0,156.0,1.0,50.0,39.0,352.0,1.0,27.0,22.0,163.0,2.0,4257.0,27.0,1527.0,12.0,44.0,17.0,17.5,25.0,3.0,6.0,34.0,0.0,16.0,1.0,1.0,6.0,0.0,1.0,63.0,1.0,4.0,9.0,49.0,2.0,2.0,3.0,4.0,11.0,39.0,2.0,8.0,53.0,34.0,1.0,5.0,26.0,31.0,0.839,40.0,40.0,76.0,3318.0,20.0,3015.0,0.0,0.0,0.0,0.0,50.0,110.0,3.99,1.0,17,0.971,17,1.0,17,0.981,17,0.989,17,0.322,1
Cleveland Browns,2023,204.0,123.0,1616.0,13.0,8.0,9.0,2.0,0.0,128.0,72.0,1250.0,5.0,104.0,59.0,640.0,2.0,44.0,21.0,224.0,0.0,204.0,813.0,4.0,63.0,44.0,319.0,5.0,135.0,411.0,9.0,21.0,15.0,84.0,0.0,123.0,81.0,882.0,6.0,23.0,15.0,132.0,0.0,4011.0,24.0,2017.0,15.0,48.0,18.0,14.0,26.0,3.0,5.5,14.0,3.0,14.0,2.5,1.0,8.0,1.5,3.0,60.0,3.5,2.0,6.0,37.0,2.0,1.0,3.0,2.0,14.0,30.0,4.0,14.0,42.0,54.0,1.0,3.0,33.0,36.0,0.917,30.0,33.0,90.0,4449.0,31.0,3819.0,0.0,0.0,0.0,0.0,45.0,109.0,3.89,0.941,8,0.932,9,0.941,17,0.939,15,0.893,15,0.317,1
Dallas Cowboys,2023,590.0,410.0,4516.0,36.0,9.0,55.0,242.0,2.0,181.0,135.0,1749.0,12.0,81.0,54.0,657.0,8.0,57.0,34.0,418.0,2.0,252.0,1005.0,6.0,67.0,55.0,311.0,0.0,89.0,361.0,2.0,22.0,17.0,144.0,2.0,102.0,71.0,761.0,5.0,15.0,8.0,65.0,2.0,4660.0,36.0,1920.0,14.0,45.0,17.0,7.5,17.0,1.0,4.5,12.0,0.0,15.0,3.0,0.0,10.0,3.0,2.0,50.0,0.0,0.0,3.0,28.0,14.0,0.0,2.0,9.0,15.0,48.0,2.0,13.0,50.0,50.0,0.0,4.0,36.0,38.0,0.947,49.0,52.0,44.0,2262.0,17.0,1975.0,0.0,0.0,0.0,0.0,40.0,99.0,4.1,0.994,17,0.971,14,0.87,15,0.285,17,0.926,16,0.308,1
Denver Broncos,2023,447.0,297.0,3070.0,26.0,8.0,80.0,341.0,3.0,90.0,59.0,772.0,10.0,87.0,54.0,758.0,2.0,33.0,22.0,377.0,1.0,217.0,774.0,3.0,58.0,47.0,228.0,2.0,76.0,410.0,1.0,36.0,31.0,160.0,2.0,35.0,22.0,204.0,3.0,14.0,8.0,95.0,1.0,3566.0,28.0,1810.0,8.0,42.0,11.0,5.0,23.0,1.0,1.0,1.0,0.0,24.0,2.0,0.0,17.0,1.0,0.0,83.0,2.0,0.0,4.0,45.0,3.0,0.0,3.0,1.0,12.0,53.0,1.0,7.0,30.0,50.0,3.0,8.0,30.0,34.0,0.882,29.0,31.0,79.0,3659.0,27.0,3344.0,0.0,0.0,0.0,0.0,52.0,100.0,4.01,1.0,17,0.941,16,0.996,17,0.969,17,0.998,17,0.326,1
Detroit Lions,2023,605.0,407.0,4575.0,30.0,12.0,32.0,21.0,2.0,164.0,119.0,1515.0,10.0,64.0,40.0,608.0,5.0,44.0,35.0,489.0,1.0,219.0,1015.0,13.0,24.0,16.0,117.0,0.0,182.0,945.0,10.0,71.0,52.0,316.0,1.0,120.0,86.0,889.0,10.0,14.0,13.0,91.0,1.0,4606.0,30.0,2311.0,27.0,41.0,16.0,11.5,32.0,7.0,2.0,3.0,2.0,15.0,5.0,1.0,10.0,1.0,0.0,71.0,3.0,0.0,6.0,43.0,2.0,0.0,1.0,3.0,13.0,43.0,3.0,8.0,40.0,65.0,4.0,11.0,15.0,17.0,0.882,48.0,52.0,57.0,2646.0,26.0,2378.0,0.0,0.0,0.0,0.0,31.0,116.0,4.62,1.0,17,1.0,15,0.996,12,0.899,17,0.957,15,0.306,2
Green Bay Packers,2023,579.0,372.0,4159.0,32.0,11.0,50.0,247.0,4.0,96.0,59.0,674.0,8.0,94.0,64.0,793.0,8.0,58.0,39.0,581.0,4.0,178.0,613.0,2.0,28.0,22.0,223.0,0.0,142.0,656.0,2.0,43.0,30.0,233.0,1.0,46.0,34.0,352.0,1.0,40.0,31.0,355.0,2.0,4210.0,32.0,1905.0,10.0,45.0,7.0,8.0,21.0,4.0,0.5,8.0,0.0,18.0,7.5,3.0,18.0,5.5,0.0,46.0,2.5,1.0,3.0,43.0,0.5,0.0,1.0,1.0,6.0,23.0,0.0,5.0,22.0,53.0,0.0,3.0,27.0,33.0,0.818,34.0,39.0,57.0,2634.0,18.0,2264.0,0.0,0.0,0.0,0.0,30.0,108.0,4.32,0.974,17,0.92,1,0.934,15,0.848,17,0.994,17,0.306,1
Houston Texans,2023,499.0,319.0,4108.0,23.0,5.0,39.0,167.0,3.0,109.0,80.0,1297.0,8.0,75.0,40.0,426.0,1.0,75.0,47.0,709.0,7.0,216.0,898.0,4.0,38.0,30.0,193.0,0.0,145.0,416.0,2.0,17.0,13.0,101.0,0.0,88.0,59.0,635.0,5.0,21.0,17.0,219.0,2.0,4578.0,27.0,1647.0,10.0,44.0,14.0,7.0,21.0,1.0,3.0,16.0,0.0,22.0,6.0,0.0,16.0,5.0,1.0,57.0,2.0,0.0,7.0,40.0,2.0,1.0,5.0,5.0,13.0,26.0,4.0,12.0,45.0,43.0,0.0,5.0,27.0,28.0,0.964,31.0,33.0,80.0,3735.0,32.0,3443.0,0.0,0.0,0.0,0.0,47.0,113.0,3.71,0.946,14,0.89,7,0.997,17,0.99,7,0.967,7,0.336,1
Indianapolis Colts,2023,490.0,305.0,3305.0,15.0,9.0,34.0,100.0,3.0,156.0,109.0,1152.0,4.0,98.0,68.0,771.0,2.0,65.0,32.0,514.0,2.0,183.0,794.0,5.0,37.0,27.0,192.0,2.0,169.0,741.0,7.0,23.0,19.0,153.0,1.0,50.0,30.0,368.0,1.0,26.0,18.0,207.0,0.0,3882.0,18.0,2059.0,19.0,51.0,15.0,9.5,31.0,1.0,8.5,20.0,0.0,35.0,8.0,7.0,16.0,0.5,0.0,64.0,1.0,0.0,4.0,15.0,0.0,1.0,1.0,0.0,7.0,25.0,3.0,6.0,60.0,52.0,4.0,8.0,33.0,41.0,0.805,35.0,36.0,68.0,3281.0,21.0,2921.0,0.0,0.0,0.0,0.0,41.0,108.0,4.3,0.993,15,0.868,10,0.993,17,0.982,17,0.944,14,0.303,1
Jacksonville Jaguars,2023,564.0,370.0,4016.0,21.0,14.0,70.0,339.0,4.0,136.0,76.0,1016.0,8.0,85.0,57.0,787.0,3.0,64.0,34.0,321.0,2.0,267.0,1008.0,11.0,73.0,58.0,476.0,1.0,50.0,132.0,2.0,4.0,1.0,6.0,0.0,143.0,114.0,963.0,4.0,15.0,13.0,155.0,0.0,4377.0,22.0,1646.0,17.0,40.0,16.0,17.5,37.0,1.0,10.0,21.0,2.0,13.0,0.0,1.0,6.0,0.0,0.0,91.0,2.5,1.0,6.0,58.0,0.0,0.0,7.0,4.0,19.0,41.0,0.0,9.0,27.0,60.0,2.0,9.0,30.0,37.0,0.811,35.0,35.0,61.0,2893.0,29.0,2670.0,0.0,0.0,0.0,0.0,41.0,107.0,3.63,0.955,17,0.879,9,0.924,17,0.606,9,0.998,17,0.298,1
Kansas City Chiefs,2023,597.0,401.0,4183.0,27.0,14.0,75.0,389.0,0.0,102.0,79.0,938.0,7.0,53.0,27.0,460.0,3.0,42.0,21.0,315.0,1.0,205.0,935.0,7.0,49.0,44.0,244.0,2.0,70.0,223.0,1.0,22.0,17.0,188.0,1.0,121.0,93.0,984.0,5.0,41.0,28.0,305.0,2.0,4383.0,28.0,1784.0,9.0,57.0,8.0,10.5,19.0,4.0,10.5,28.0,3.0,12.0,1.0,1.0,2.0,0.0,0.0,50.0,4.5,0.0,1.0,42.0,1.0,1.0,4.0,0.0,7.0,56.0,0.0,6.0,28.0,66.0,1.0,7.0,33.0,35.0,0.943,38.0,38.0,59.0,2776.0,20.0,2469.0,0.0,0.0,0.0,0.0,28.0,125.0,4.28,0.949,17,0.924,12,0.966,17,0.958,17,0.964,17,0.317,1
Las Vegas Raiders,2023,343.0,213.0,2218.0,12.0,7.0,17.0,11.0,1.0,175.0,103.0,1144.0,8.0,106.0,71.0,807.0,8.0,37.0,25.0,255.0,0.0,233.0,805.0,6.0,54.0,37.0,296.0,0.0,104.0,451.0,1.0,19.0,15.0,98.0,0.0,40.0,27.0,304.0,2.0,31.0,25.0,234.0,0.0,3666.0,20.0,1542.0,11.0,46.0,13.0,14.5,48.0,2.0,8.0,29.0,0.0,19.0,1.5,1.0,15.0,5.0,4.0,65.0,3.5,3.0,4.0,55.0,1.0,0.0,2.0,1.0,7.0,52.0,2.0,6.0,35.0,54.0,3.0,8.0,26.0,30.0,0.867,32.0,32.0,75.0,3783.0,34.0,3380.0,0.0,0.0,0.0,0.0,40.0,89.0,3.73,0.877,13,0.866,17,0.996,17,0.981,17,0.979,16,0.322,1
Los Angeles Chargers,2023,456.0,297.0,3134.0,20.0,7.0,52.0,228.0,3.0,150.0,108.0,1243.0,7.0,67.0,38.0,431.0,2.0,61.0,38.0,581.0,2.0,179.0,628.0,5.0,74.0,51.0,436.0,1.0,107.0,405.0,2.0,12.0,8.0,32.0,0.0,70.0,51.0,411.0,3.0,41.0,27.0,285.0,4.0,4312.0,24.0,1642.0,11.0,48.0,9.0,17.0,45.0,10.0,6.5,11.0,1.0,16.0,0.0,2.0,13.0,1.0,0.0,68.0,3.0,1.0,4.0,67.0,3.5,0.0,6.0,2.0,13.0,51.0,1.0,10.0,47.0,76.0,1.0,7.0,31.0,33.0,0.939,35.0,35.0,75.0,3475.0,30.0,3174.0,0.0,0.0,0.0,0.0,43.0,88.0,3.81,1.0,17,0.973,17,1.0,15,0.993,17,1.0,3,0.317,1
Los Angeles Rams,2023,521.0,326.0,3965.0,24.0,11.0,21.0,65.0,0.0,160.0,105.0,1486.0,6.0,95.0,59.0,737.0,5.0,67.0,39.0,483.0,3.0,228.0,1144.0,12.0,48.0,32.0,206.0,3.0,77.0,319.0,2.0,2.0,1.0,13.0,0.0,70.0,47.0,495.0,2.0,11.0,10.0,95.0,1.0,4300.0,26.0,2045.0,18.0,41.0,10.0,9.0,17.0,2.0,2.0,13.0,1.0,23.0,8.0,3.0,13.0,0.5,0.0,56.0,4.5,0.0,6.0,40.0,0.0,1.0,4.0,3.0,14.0,41.0,1.0,10.0,38.0,51.0,3.0,8.0,17.0,23.0,0.739,32.0,37.0,63.0,3101.0,20.0,2466.0,0.0,0.0,0.0,0.0,34.0,91.0,4.29,0.957,15,0.905,14,1.0,17,0.946,14,0.969,17,0.314,2
Miami Dolphins,2023,560.0,388.0,4624.0,29.0,14.0,35.0,74.0,0.0,171.0,119.0,1799.0,13.0,104.0,72.0,1014.0,4.0,38.0,22.0,296.0,3.0,209.0,1012.0,18.0,32.0,25.0,175.0,3.0,103.0,800.0,8.0,37.0,27.0,197.0,3.0,43.0,35.0,366.0,0.0,9.0,6.0,48.0,0.0,4698.0,30.0,2308.0,27.0,56.0,15.0,11.0,38.0,2.0,10.0,29.0,4.0,29.0,9.0,2.0,9.0,1.0,0.0,48.0,1.0,0.0,1.0,23.0,6.5,1.0,2.0,1.0,12.0,33.0,0.0,10.0,47.0,46.0,1.0,7.0,24.0,28.0,0.857,58.0,59.0,53.0,2424.0,20.0,2157.0,0.0,0.0,0.0,0.0,31.0,139.0,5.06,0.957,16,0.81,10,0.867,7,0.807,11,0.852,9,0.31,1
Minnesota Vikings,2023,311.0,216.0,2331.0,18.0,5.0,14.0,25.0,0.0,108.0,70.0,911.0,10.0,100.0,68.0,1074.0,5.0,75.0,48.0,540.0,3.0,180.0,700.0,0.0,44.0,30.0,192.0,3.0,102.0,461.0,3.0,25.0,21.0,159.0,0.0,127.0,95.0,960.0,5.0,28.0,22.0,213.0,2.0,4700.0,30.0,1553.0,7.0,43.0,11.0,16.5,44.0,2.0,2.0,14.0,0.0,34.0,3.0,2.0,8.0,0.0,0.0,53.0,2.5,1.0,2.0,43.0,1.0,1.0,5.0,3.0,13.0,42.0,1.0,7.0,40.0,78.0,2.0,9.0,24.0,30.0,0.8,36.0,38.0,60.0,2887.0,16.0,2470.0,0.0,0.0,0.0,0.0,47.0,91.0,3.95,0.994,15,0.959,14,0.977,15,0.97,6,0.936,14,0.301,1
New England Patriots,2023,345.0,224.0,2120.0,10.0,12.0,26.0,96.0,0.0,79.0,49.0,561.0,0.0,55.0,33.0,394.0,0.0,55.0,37.0,406.0,4.0,184.0,642.0,3.0,65.0,51.0,313.0,2.0,156.0,619.0,4.0,51.0,38.0,238.0,0.0,61.0,42.0,419.0,6.0,45.0,29.0,244.0,2.0,3392.0,16.0,1627.0,9.0,36.0,10.0,4.5,19.0,1.0,4.0,10.0,0.0,34.0,8.5,6.0,16.0,0.0,0.0,44.0,1.0,2.0,5.0,43.0,4.5,0.0,3.0,1.0,7.0,57.0,1.0,3.0,14.0,61.0,2.0,7.0,16.0,25.0,0.64,24.0,25.0,98.0,4598.0,38.0,3999.0,0.0,0.0,0.0,0.0,48.0,78.0,3.92,0.849,11,0.837,15,0.935,15,0.885,10,1.0,17,0.323,1
New Orleans Saints,2023,548.0,375.0,3878.0,25.0,8.0,32.0,40.0,0.0,138.0,87.0,1123.0,5.0,75.0,46.0,719.0,5.0,64.0,39.0,448.0,1.0,180.0,694.0,5.0,86.0,75.0,466.0,1.0,106.0,306.0,1.0,20.0,18.0,62.0,0.0,59.0,37.0,368.0,4.0,40.0,33.0,291.0,2.0,4225.0,28.0,1742.0,13.0,34.0,18.0,8.5,37.0,1.0,6.5,67.0,4.0,19.0,0.0,1.0,10.0,0.0,3.0,52.0,0.5,1.0,1.0,17.0,2.0,1.0,2.0,4.0,18.0,51.0,1.0,14.0,20.0,42.0,4.0,9.0,30.0,37.0,0.811,40.0,40.0,75.0,3224.0,31.0,2981.0,0.0,0.0,0.0,0.0,35.0,77.0,3.63,0.973,12,0.941,15,0.956,16,0.76,16,0.994,17,0.33,1
New York Giants,2023,180.0,116.0,1341.0,5.0,3.0,38.0,197.0,0.0,79.0,50.0,770.0,4.0,78.0,60.0,525.0,1.0,40.0,23.0,373.0,0.0,247.0,962.0,6.0,60.0,41.0,280.0,4.0,55.0,151.0,1.0,21.0,17.0,88.0,0.0,74.0,52.0,552.0,1.0,28.0,25.0,255.0,0.0,3351.0,15.0,1874.0,10.0,34.0,18.0,1.5,10.0,1.0,0.0,0.0,1.0,27.0,4.5,2.0,25.0,0.0,2.0,84.0,2.5,2.0,10.0,55.0,1.0,1.0,5.0,2.0,11.0,51.0,1.0,8.0,43.0,67.0,3.0,11.0,11.0,17.0,0.647,24.0,25.0,95.0,4372.0,35.0,4022.0,0.0,0.0,0.0,0.0,85.0,83.0,4.13,0.961,7,0.932,10,0.993,12,0.964,16,0.935,13,0.333,1
New York Jets,2023,368.0,221.0,2271.0,8.0,7.0,36.0,211.0,0.0,168.0,95.0,1042.0,3.0,49.0,23.0,311.0,1.0,38.0,21.0,229.0,0.0,223.0,994.0,5.0,95.0,76.0,591.0,4.0,67.0,214.0,0.0,20.0,15.0,78.0,0.0,87.0,61.0,621.0,0.0,22.0,16.0,151.0,0.0,3373.0,11.0,1647.0,7.0,46.0,17.0,10.0,13.0,1.0,7.5,28.0,7.0,32.0,5.5,3.0,3.0,1.0,0.0,79.0,2.0,1.0,10.0,66.0,0.5,1.0,7.0,0.0,12.0,39.0,1.0,9.0,56.0,54.0,4.0,9.0,35.0,38.0,0.921,16.0,17.0,99.0,4831.0,36.0,4136.0,0.0,0.0,0.0,0.0,64.0,107.0,4.24,0.939,16,0.732,8,1.0,17,0.884,5,0.897,7,0.324,1
Philadelphia Eagles,2023,538.0,352.0,3858.0,23.0,15.0,157.0,605.0,15.0,158.0,106.0,1456.0,7.0,112.0,81.0,1066.0,7.0,21.0,15.0,142.0,1.0,229.0,1049.0,5.0,49.0,39.0,214.0,1.0,84.0,364.0,2.0,37.0,30.0,183.0,0.0,83.0,59.0,592.0,3.0,8.0,5.0,38.0,0.0,4067.0,24.0,2190.0,22.0,43.0,9.0,11.0,28.0,1.0,3.0,9.0,1.0,20.0,6.0,0.0,18.0,0.5,1.0,52.0,3.0,0.0,5.0,50.0,0.0,0.0,4.0,2.0,15.0,41.0,1.0,13.0,37.0,76.0,3.0,11.0,30.0,32.0,0.938,45.0,46.0,52.0,2537.0,17.0,2240.0,0.0,0.0,0.0,0.0,39.0,106.0,4.29,1.0,17,0.907,16,0.98,16,0.895,11,0.964,17,0.298,1
Pittsburgh Steelers,2023,324.0,201.0,2070.0,6.0,4.0,42.0,54.0,1.0,106.0,63.0,1140.0,5.0,87.0,51.0,717.0,5.0,49.0,34.0,280.0,0.0,255.0,1035.0,8.0,38.0,29.0,170.0,0.0,149.0,784.0,4.0,74.0,61.0,370.0,0.0,47.0,32.0,308.0,2.0,10.0,7.0,61.0,0.0,3421.0,13.0,2010.0,16.0,47.0,16.0,19.0,38.0,8.0,2.5,58.0,2.0,14.0,3.0,2.0,14.0,1.0,2.0,30.0,1.0,1.0,1.0,28.0,7.0,2.0,3.0,2.0,11.0,29.0,1.0,10.0,29.0,39.0,2.0,3.0,29.0,31.0,0.935,27.0,28.0,89.0,3914.0,33.0,3485.0,0.0,0.0,0.0,0.0,36.0,107.0,4.13,0.946,16,0.705,17,0.999,15,0.97,17,1.0,17,0.332,1
San Francisco 49ers,2023,444.0,308.0,4280.0,31.0,11.0,39.0,144.0,2.0,105.0,75.0,1342.0,7.0,89.0,60.0,892.0,7.0,33.0,19.0,265.0,1.0,272.0,1459.0,14.0,83.0,67.0,564.0,7.0,75.0,281.0,2.0,8.0,6.0,14.0,0.0,90.0,65.0,1020.0,6.0,3.0,3.0,32.0,0.0,4577.0,33.0,2389.0,27.0,48.0,22.0,10.5,27.0,4.0,5.0,12.0,0.0,20.0,7.0,2.0,11.0,1.5,1.0,70.0,2.5,4.0,11.0,60.0,1.5,0.0,4.0,5.0,23.0,46.0,3.0,10.0,48.0,39.0,1.0,2.0,21.0,25.0,0.84,60.0,61.0,52.0,2480.0,26.0,2220.0,0.0,0.0,0.0,0.0,34.0,122.0,4.79,0.975,17,0.851,15,0.955,14,0.899,15,0.962,17,0.323,1
Seattle Seahawks,2023,499.0,323.0,3624.0,20.0,9.0,37.0,155.0,1.0,122.0,79.0,894.0,5.0,119.0,66.0,1114.0,8.0,93.0,63.0,628.0,4.0,219.0,905.0,8.0,37.0,29.0,259.0,1.0,108.0,462.0,1.0,40.0,33.0,209.0,0.0,43.0,32.0,414.0,0.0,34.0,25.0,247.0,2.0,4167.0,23.0,1580.0,11.0,47.0,11.0,9.0,32.0,6.0,5.5,15.0,1.0,24.0,7.0,2.0,12.0,2.0,1.0,77.0,3.5,0.0,3.0,52.0,4.5,1.0,4.0,1.0,16.0,48.0,2.0,11.0,38.0,73.0,4.0,10.0,35.0,42.0,0.833,33.0,33.0,66.0,3303.0,25.0,2911.0,0.0,0.0,0.0,0.0,38.0,97.0,4.14,0.982,14,0.768,6,0.95,16,0.864,8,0.963,16,0.315,1
Tampa Bay Buccaneers,2023,566.0,364.0,4044.0,28.0,10.0,62.0,163.0,1.0,136.0,79.0,1255.0,13.0,130.0,83.0,1024.0,2.0,68.0,39.0,385.0,3.0,272.0,990.0,6.0,70.0,64.0,549.0,3.0,49.0,176.0,0.0,17.0,14.0,81.0,0.0,67.0,47.0,455.0,4.0,7.0,5.0,58.0,0.0,4044.0,28.0,1509.0,8.0,47.0,13.0,5.0,20.0,1.0,4.5,69.0,5.0,27.0,5.5,0.0,17.0,4.0,1.0,37.0,2.5,2.0,6.0,29.0,4.5,1.0,2.0,2.0,9.0,37.0,0.0,9.0,41.0,64.0,3.0,12.0,29.0,31.0,0.935,33.0,33.0,77.0,3854.0,26.0,3219.0,0.0,0.0,0.0,0.0,40.0,84.0,3.44,0.997,17,0.017,17,1.0,17,1.0,17,1.0,17,0.332,1
Tennessee Titans,2023,255.0,149.0,1808.0,8.0,4.0,25.0,57.0,1.0,137.0,75.0,1057.0,7.0,45.0,28.0,370.0,3.0,35.0,22.0,424.0,0.0,280.0,1167.0,12.0,36.0,28.0,214.0,0.0,100.0,453.0,2.0,70.0,52.0,385.0,1.0,77.0,54.0,528.0,1.0,15.0,9.0,94.0,1.0,3512.0,14.0,1846.0,16.0,45.0,6.0,6.0,12.0,2.0,1.0,6.0,0.0,25.0,11.5,4.0,23.0,5.5,1.0,62.0,2.0,0.0,4.0,39.0,1.0,0.0,3.0,2.0,8.0,38.0,1.0,6.0,50.0,65.0,1.0,7.0,29.0,30.0,0.967,28.0,30.0,79.0,4008.0,36.0,3440.0,0.0,0.0,0.0,0.0,64.0,84.0,4.16,0.991,14,0.89,9,1.0,17,0.133,6,0.889,14,0.311,1
Washington Commanders,2023,612.0,388.0,3946.0,21.0,21.0,48.0,263.0,5.0,132.0,79.0,1002.0,4.0,91.0,62.0,613.0,4.0,83.0,49.0,518.0,4.0,178.0,733.0,5.0,43.0,36.0,368.0,4.0,65.0,265.0,1.0,59.0,48.0,389.0,2.0,78.0,55.0,496.0,4.0,28.0,19.0,151.0,0.0,4174.0,24.0,1592.0,14.0,38.0,8.0,6.5,17.0,1.0,5.5,27.0,1.0,25.0,4.0,4.0,11.0,0.0,1.0,49.0,0.0,1.0,1.0,43.0,3.0,1.0,4.0,1.0,17.0,46.0,1.0,11.0,31.0,67.0,0.0,5.0,19.0,24.0,0.792,32.0,35.0,73.0,3361.0,30.0,3050.0,0.0,0.0,0.0,0.0,65.0,84.0,4.43,0.975,13,0.962,15,0.997,17,0.945,11,0.794,13,0.294,2
Arizona Cardinals,2024,541.0,372.0,3851.0,21.0,11.0,78.0,572.0,5.0,116.0,62.0,885.0,8.0,71.0,47.0,548.0,4.0,50.0,37.0,342.0,3.0,236.0,1094.0,8.0,55.0,47.0,414.0,1.0,63.0,291.0,1.0,6.0,6.0,59.0,0.0,147.0,111.0,1146.0,2.0,24.0,20.0,172.0,2.0,3859.0,21.0,2451.0,18.0,41.0,9.0,3.5,10.0,2.0,2.5,49.0,3.0,17.0,4.5,1.0,10.0,3.0,2.0,41.0,3.0,1.0,5.0,29.0,5.0,0.0,1.0,2.0,9.0,36.0,0.0,6.0,27.0,85.0,0.0,5.0,28.0,32.0,0.875,36.0,37.0,54.0,2563.0,20.0,2309.0,0.0,0.0,0.0,0.0,30.0,76.0,5.29,0.981,14,0.822,6,0.924,5,0.447,15,0.983,17,0.309,1
Atlanta Falcons,2024,453.0,303.0,3508.0,18.0,16.0,23.0,0.0,0.0,158.0,100.0,1271.0,9.0,106.0,64.0,992.0,5.0,87.0,62.0,686.0,1.0,304.0,1456.0,14.0,72.0,61.0,431.0,1.0,137.0,644.0,3.0,13.0,13.0,88.0,0.0,74.0,47.0,602.0,4.0,12.0,7.0,46.0,0.0,4283.0,21.0,2219.0,18.0,31.0,12.0,5.5,23.0,5.0,1.0,8.0,0.0,25.0,2.5,0.0,21.0,3.0,1.0,73.0,5.0,1.0,3.0,38.0,0.0,0.0,1.0,0.0,11.0,57.0,0.0,6.0,47.0,58.0,4.0,10.0,25.0,34.0,0.735,38.0,38.0,47.0,2163.0,14.0,1778.0,0.0,0.0,0.0,0.0,32.0,74.0,4.48,0.977,17,0.953,16,0.969,17,0.959,17,0.916,9,0.292,1
Baltimore Ravens,2024,474.0,316.0,4172.0,41.0,4.0,139.0,915.0,4.0,116.0,74.0,1059.0,4.0,72.0,45.0,756.0,9.0,29.0,14.0,231.0,2.0,325.0,1921.0,16.0,22.0,19.0,193.0,2.0,47.0,228.0,1.0,51.0,42.0,383.0,3.0,69.0,55.0,673.0,11.0,58.0,42.0,477.0,6.0,4189.0,41.0,3189.0,21.0,53.0,12.0,1.5,1.0,0.0,0.0,8.0,2.0,19.0,1.0,0.0,17.0,6.5,1.0,72.0,1.5,1.0,4.0,35.0,1.5,0.0,4.0,6.0,15.0,46.0,1.0,13.0,24.0,70.0,1.0,9.0,22.0,30.0,0.733,60.0,62.0,55.0,2551.0,22.0,2268.0,0.0,0.0,0.0,0.0,24.0,122.0,5.76,0.997,17,0.979,17,0.905,17,0.259,15,0.984,17,0.316,1
Buffalo Bills,2024,483.0,307.0,3731.0,28.0,6.0,102.0,531.0,12.0,100.0,76.0,821.0,4.0,57.0,29.0,556.0,4.0,50.0,31.0,378.0,5.0,207.0,1009.0,16.0,38.0,32.0,258.0,2.0,113.0,442.0,3.0,19.0,17.0,189.0,3.0,75.0,44.0,448.0,2.0,33.0,22.0,311.0,1.0,3938.0,30.0,2230.0,32.0,37.0,16.0,6.0,11.0,0.0,6.0,20.0,2.0,13.0,3.0,0.0,10.0,2.5,1.0,55.0,0.0,0.0,0.0,45.0,1.0,2.0,3.0,2.0,10.0,46.0,0.0,5.0,39.0,52.0,2.0,5.0,24.0,29.0,0.828,59.0,64.0,54.0,2523.0,25.0,2210.0,0.0,0.0,0.0,0.0,14.0,94.0,4.54,0.985,15,0.941,16,0.958,16,0.932,17,1.0,1,0.334,1
Carolina Panthers,2024,384.0,234.0,2403.0,15.0,9.0,43.0,249.0,6.0,84.0,49.0,497.0,4.0,62.0,48.0,615.0,5.0,58.0,30.0,357.0,3.0,250.0,1195.0,10.0,54.0,43.0,171.0,1.0,55.0,205.0,2.0,30.0,24.0,148.0,1.0,43.0,33.0,342.0,1.0,32.0,23.0,234.0,2.0,3411.0,22.0,1878.0,18.0,32.0,9.0,5.5,20.0,4.0,0.5,7.0,0.0,36.0,5.5,1.0,20.0,0.0,3.0,45.0,3.5,1.0,7.0,30.0,1.0,0.0,0.0,2.0,16.0,51.0,1.0,13.0,43.0,67.0,3.0,6.0,22.0,26.0,0.846,33.0,35.0,73.0,3338.0,24.0,3100.0,0.0,0.0,0.0,0.0,36.0,64.0,4.58,0.988,15,0.963,14,1.0,16,0.982,16,0.936,5,0.289,1
Chicago Bears,2024,562.0,351.0,3541.0,20.0,6.0,81.0,489.0,0.0,140.0,98.0,966.0,6.0,121.0,70.0,744.0,7.0,101.0,54.0,734.0,3.0,253.0,959.0,6.0,52.0,42.0,386.0,0.0,55.0,150.0,6.0,20.0,16.0,104.0,0.0,55.0,47.0,474.0,4.0,13.0,8.0,36.0,0.0,3552.0,20.0,1734.0,13.0,40.0,11.0,5.5,12.0,2.0,3.5,16.0,0.0,18.0,5.0,1.0,15.0,3.0,0.0,69.0,4.0,1.0,3.0,47.0,1.0,1.0,8.0,2.0,12.0,45.0,2.0,8.0,37.0,70.0,1.0,7.0,21.0,25.0,0.84,25.0,26.0,82.0,3911.0,34.0,3409.0,0.0,0.0,0.0,0.0,68.0,100.0,4.02,0.95,16,0.881,12,0.44,5,0.19,3,0.987,17,0.296,1
Cincinnati Bengals,2024,652.0,460.0,4918.0,43.0,9.0,42.0,201.0,2.0,175.0,127.0,1708.0,17.0,109.0,73.0,911.0,10.0,61.0,36.0,479.0,6.0,229.0,990.0,7.0,65.0,54.0,360.0,4.0,74.0,242.0,2.0,27.0,23.0,187.0,1.0,83.0,65.0,665.0,2.0,23.0,19.0,154.0,1.0,4918.0,43.0,1574.0,11.0,36.0,15.0,17.5,28.0,6.0,5.0,25.0,1.0,9.0,3.0,0.0,7.0,1.0,0.0,68.0,0.0,2.0,6.0,48.0,0.0,0.0,1.0,3.0,16.0,53.0,0.0,8.0,23.0,44.0,4.0,6.0,16.0,22.0,0.727,51.0,53.0,53.0,2603.0,25.0,2275.0,0.0,0.0,0.0,0.0,48.0,105.0,4.14,0.894,11,0.83,15,0.996,17,0.882,17,1.0,17,0.306,1
Cleveland Browns,2024,296.0,181.0,2121.0,13.0,12.0,25.0,83.0,1.0,145.0,90.0,1229.0,4.0,102.0,61.0,538.0,1.0,53.0,24.0,250.0,2.0,104.0,565.0,3.0,43.0,37.0,225.0,0.0,102.0,332.0,3.0,11.0,5.0,31.0,1.0,97.0,64.0,505.0,5.0,58.0,40.0,390.0,2.0,3879.0,19.0,1608.0,8.0,41.0,4.0,14.0,34.0,1.0,5.0,13.0,0.0,6.0,0.0,0.0,6.0,1.0,0.0,33.0,3.0,1.0,3.0,31.0,2.0,0.0,4.0,2.0,19.0,38.0,1.0,5.0,18.0,61.0,0.0,1.0,18.0,27.0,0.667,18.0,21.0,89.0,4387.0,36.0,3717.0,0.0,0.0,0.0,0.0,66.0,108.0,4.11,0.973,12,0.805,4,0.998,17,0.961,13,0.948,16,0.298,2
Dallas Cowboys,2024,308.0,187.0,1844.0,12.0,5.0,26.0,18.0,0.0,152.0,101.0,1194.0,6.0,79.0,49.0,610.0,7.0,54.0,26.0,259.0,3.0,235.0,1079.0,2.0,49.0,39.0,249.0,3.0,74.0,226.0,3.0,15.0,12.0,69.0,0.0,86.0,59.0,494.0,0.0,36.0,27.0,241.0,1.0,4092.0,23.0,1705.0,6.0,51.0,13.0,5.5,28.0,5.0,5.0,5.0,0.0,24.0,4.5,1.0,22.0,1.0,0.0,61.0,3.0,2.0,3.0,53.0,5.0,1.0,4.0,2.0,11.0,32.0,1.0,8.0,39.0,42.0,2.0,5.0,40.0,47.0,0.851,30.0,30.0,62.0,3005.0,24.0,2604.0,0.0,0.0,0.0,0.0,38.0,105.0,3.97,1.0,17,0.99,2,0.99,2,0.951,14,0.957,14,0.293,1
Denver Broncos,2024,567.0,376.0,3775.0,29.0,12.0,92.0,430.0,4.0,135.0,81.0,1081.0,8.0,55.0,41.0,475.0,3.0,53.0,28.0,263.0,2.0,139.0,513.0,4.0,70.0,52.0,346.0,0.0,113.0,496.0,1.0,27.0,24.0,76.0,2.0,23.0,19.0,152.0,0.0,22.0,13.0,188.0,2.0,3808.0,30.0,1908.0,12.0,63.0,15.0,8.5,26.0,1.0,7.0,16.0,0.0,17.0,1.0,3.0,13.0,2.5,2.0,47.0,1.5,2.0,5.0,35.0,3.0,0.0,3.0,4.0,11.0,34.0,2.0,10.0,55.0,75.0,3.0,10.0,31.0,34.0,0.912,46.0,46.0,77.0,3597.0,33.0,3246.0,0.0,0.0,0.0,0.0,24.0,142.0,4.14,0.991,13,0.971,17,0.989,17,0.988,17,0.984,13,0.338,1
Detroit Lions,2024,539.0,390.0,4629.0,37.0,12.0,35.0,56.0,0.0,141.0,115.0,1263.0,12.0,91.0,58.0,1001.0,7.0,44.0,33.0,394.0,3.0,250.0,1412.0,16.0,63.0,52.0,517.0,4.0,185.0,775.0,12.0,38.0,36.0,341.0,0.0,83.0,60.0,726.0,7.0,16.0,13.0,100.0,2.0,4718.0,39.0,2488.0,29.0,37.0,16.0,7.5,12.0,0.0,4.0,5.0,1.0,15.0,3.5,1.0,14.0,1.5,0.0,59.0,1.5,0.0,5.0,36.0,1.0,0.0,5.0,4.0,16.0,73.0,2.0,11.0,40.0,52.0,9.0,12.0,26.0,29.0,0.897,64.0,67.0,45.0,2295.0,22.0,2080.0,0.0,0.0,0.0,0.0,33.0,110.0,4.66,0.999,17,0.963,14,0.999,16,0.963,16,0.969,16,0.311,1
Green Bay Packers,2024,425.0,268.0,3389.0,25.0,11.0,25.0,83.0,1.0,76.0,39.0,415.0,5.0,75.0,55.0,857.0,6.0,72.0,46.0,601.0,4.0,301.0,1329.0,15.0,43.0,36.0,342.0,1.0,103.0,502.0,4.0,14.0,11.0,48.0,1.0,70.0,50.0,707.0,7.0,10.0,7.0,45.0,0.0,3939.0,28.0,2496.0,23.0,45.0,17.0,4.0,8.0,0.0,2.5,6.0,0.0,15.0,5.0,0.0,14.0,1.0,2.0,56.0,2.5,0.0,2.0,50.0,3.5,1.0,4.0,2.0,7.0,15.0,0.0,0.0,26.0,57.0,0.0,1.0,20.0,21.0,0.952,46.0,46.0,56.0,2582.0,22.0,2253.0,0.0,0.0,0.0,0.0,22.0,91.0,4.75,0.992,17,0.988,17,0.989,17,0.894,17,0.99,16,0.328,1
Houston Texans,2024,532.0,336.0,3727.0,20.0,12.0,52.0,233.0,0.0,99.0,68.0,1006.0,7.0,81.0,51.0,667.0,3.0,64.0,47.0,496.0,3.0,245.0,1016.0,11.0,52.0,36.0,309.0,1.0,40.0,147.0,1.0,7.0,4.0,16.0,1.0,85.0,53.0,532.0,2.0,22.0,15.0,133.0,1.0,3952.0,20.0,1909.0,15.0,49.0,19.0,12.0,26.0,3.0,11.0,23.0,2.0,23.0,5.0,0.0,13.0,1.0,0.0,49.0,1.5,1.0,3.0,36.0,2.0,0.0,3.0,5.0,18.0,35.0,3.0,10.0,38.0,46.0,1.0,10.0,36.0,42.0,0.857,34.0,36.0,76.0,3583.0,39.0,3322.0,0.0,0.0,0.0,0.0,54.0,98.0,4.4,0.978,16,0.929,17,0.935,15,0.706,12,0.991,13,0.331,1
Indianapolis Colts,2024,264.0,126.0,1814.0,8.0,12.0,86.0,499.0,6.0,111.0,69.0,808.0,3.0,107.0,72.0,803.0,5.0,69.0,37.0,824.0,7.0,303.0,1431.0,11.0,31.0,18.0,136.0,1.0,56.0,159.0,2.0,19.0,16.0,99.0,0.0,31.0,14.0,182.0,0.0,22.0,12.0,147.0,1.0,3599.0,20.0,2331.0,20.0,36.0,16.0,8.0,22.0,1.0,4.0,15.0,1.0,22.0,3.5,3.0,20.0,6.5,1.0,82.0,0.0,1.0,5.0,19.0,1.0,0.0,1.0,2.0,9.0,25.0,3.0,7.0,41.0,74.0,3.0,5.0,31.0,37.0,0.838,36.0,36.0,68.0,3382.0,27.0,2897.0,0.0,0.0,0.0,0.0,32.0,83.0,4.7,0.998,12,0.941,14,1.0,5,0.996,17,0.967,10,0.305,1
Jacksonville Jaguars,2024,284.0,172.0,2045.0,11.0,7.0,26.0,119.0,3.0,133.0,87.0,1282.0,10.0,51.0,32.0,390.0,3.0,47.0,27.0,379.0,1.0,168.0,766.0,7.0,12.0,7.0,54.0,0.0,150.0,558.0,2.0,52.0,39.0,254.0,0.0,64.0,47.0,365.0,1.0,53.0,40.0,411.0,2.0,3717.0,19.0,1729.0,13.0,34.0,6.0,10.5,30.0,1.0,8.0,19.0,2.0,30.0,0.0,0.0,15.0,2.0,0.0,57.0,2.0,1.0,4.0,53.0,1.0,1.0,7.0,0.0,9.0,35.0,1.0,8.0,52.0,47.0,0.0,2.0,27.0,29.0,0.931,27.0,27.0,68.0,3359.0,34.0,3048.0,0.0,0.0,0.0,0.0,32.0,68.0,4.18,0.971,16,0.869,7,0.98,17,0.972,15,0.986,17,0.285,1
Kansas City Chiefs,2024,581.0,392.0,3928.0,26.0,11.0,58.0,307.0,2.0,98.0,59.0,638.0,6.0,59.0,41.0,437.0,4.0,32.0,22.0,289.0,2.0,200.0,728.0,7.0,32.0,23.0,176.0,0.0,83.0,310.0,1.0,16.0,12.0,79.0,0.0,133.0,97.0,823.0,3.0,49.0,40.0,437.0,5.0,4046.0,26.0,1790.0,15.0,39.0,13.0,8.0,18.0,5.0,6.5,16.0,2.0,9.0,3.0,0.0,2.0,0.0,0.0,66.0,3.0,1.0,6.0,47.0,2.0,0.0,2.0,2.0,13.0,45.0,0.0,6.0,19.0,55.0,2.0,9.0,21.0,25.0,0.84,37.0,39.0,62.0,3027.0,25.0,2594.0,0.0,0.0,0.0,0.0,41.0,112.0,3.98,0.983,16,0.905,2,0.946,17,0.946,17,0.946,17,0.321,1
Las Vegas Raiders,2024,306.0,203.0,2013.0,9.0,10.0,19.0,58.0,0.0,129.0,87.0,1027.0,4.0,81.0,47.0,539.0,3.0,29.0,16.0,158.0,1.0,132.0,420.0,4.0,48.0,36.0,294.0,1.0,66.0,311.0,2.0,47.0,40.0,261.0,3.0,153.0,112.0,1194.0,5.0,32.0,21.0,156.0,0.0,4117.0,19.0,1357.0,10.0,37.0,10.0,7.5,26.0,5.0,4.5,14.0,0.0,29.0,5.0,1.0,14.0,1.0,3.0,76.0,2.0,2.0,7.0,29.0,1.0,0.0,2.0,3.0,16.0,50.0,1.0,5.0,27.0,57.0,2.0,10.0,34.0,40.0,0.85,23.0,25.0,65.0,3304.0,27.0,2850.0,0.0,0.0,0.0,0.0,50.0,86.0,3.57,0.954,17,0.881,17,0.955,15,0.889,15,0.825,13,0.285,1
Los Angeles Chargers,2024,504.0,332.0,3870.0,23.0,3.0,69.0,306.0,2.0,112.0,82.0,1149.0,7.0,91.0,55.0,711.0,8.0,65.0,39.0,584.0,1.0,195.0,905.0,9.0,38.0,32.0,153.0,0.0,101.0,365.0,4.0,5.0,3.0,6.0,0.0,64.0,50.0,481.0,2.0,19.0,16.0,208.0,0.0,3901.0,23.0,1882.0,17.0,45.0,15.0,6.0,18.0,9.0,6.0,17.0,2.0,23.0,3.0,4.0,15.0,1.0,2.0,72.0,1.0,1.0,8.0,33.0,1.5,0.0,0.0,4.0,10.0,43.0,1.0,7.0,34.0,56.0,1.0,7.0,39.0,42.0,0.929,33.0,36.0,72.0,3362.0,28.0,3014.0,0.0,0.0,0.0,0.0,44.0,97.0,4.06,1.0,16,0.963,15,0.981,17,0.308,17,0.992,17,0.329,1
Los Angeles Rams,2024,517.0,340.0,3762.0,20.0,8.0,30.0,41.0,0.0,106.0,79.0,990.0,3.0,100.0,67.0,710.0,6.0,64.0,31.0,505.0,7.0,316.0,1299.0,14.0,40.0,34.0,182.0,2.0,58.0,207.0,0.0,8.0,7.0,58.0,0.0,49.0,30.0,294.0,1.0,13.0,6.0,39.0,0.0,4096.0,22.0,1765.0,15.0,38.0,13.0,8.0,26.0,4.0,4.5,31.0,2.0,17.0,8.5,0.0,14.0,0.0,1.0,59.0,1.0,1.0,4.0,33.0,7.5,0.0,1.0,1.0,9.0,23.0,1.0,8.0,25.0,62.0,0.0,5.0,29.0,34.0,0.853,32.0,36.0,62.0,2811.0,33.0,2560.0,0.0,0.0,0.0,0.0,31.0,72.0,3.92,1.0,14,0.977,11,1.0,1,1.0,16,1.0,1,0.306,1
Miami Dolphins,2024,399.0,291.0,2867.0,19.0,7.0,17.0,49.0,0.0,122.0,81.0,959.0,6.0,83.0,58.0,744.0,2.0,36.0,26.0,223.0,0.0,203.0,907.0,6.0,87.0,78.0,592.0,6.0,85.0,278.0,2.0,23.0,19.0,161.0,0.0,111.0,88.0,884.0,8.0,19.0,12.0,100.0,0.0,4036.0,22.0,1795.0,12.0,35.0,10.0,10.0,27.0,2.0,5.0,28.0,5.0,8.0,0.0,0.0,1.0,0.0,0.0,75.0,3.0,0.0,6.0,29.0,1.0,1.0,2.0,2.0,11.0,36.0,2.0,8.0,31.0,49.0,0.0,3.0,37.0,41.0,0.902,26.0,28.0,56.0,2639.0,22.0,2309.0,0.0,0.0,0.0,0.0,43.0,81.0,4.01,0.998,8,0.812,15,1.0,17,0.946,17,0.0,0,0.357,5
Minnesota Vikings,2024,545.0,361.0,4319.0,35.0,12.0,67.0,212.0,1.0,154.0,103.0,1533.0,10.0,99.0,63.0,875.0,9.0,42.0,28.0,414.0,6.0,255.0,1138.0,5.0,62.0,51.0,408.0,2.0,64.0,297.0,1.0,11.0,10.0,52.0,2.0,62.0,41.0,455.0,0.0,28.0,22.0,258.0,3.0,4379.0,35.0,1855.0,9.0,48.0,24.0,11.5,41.0,6.0,1.0,15.0,3.0,14.0,2.0,4.0,11.0,0.0,2.0,59.0,4.5,0.0,8.0,37.0,12.0,0.0,3.0,6.0,14.0,53.0,1.0,9.0,39.0,52.0,2.0,5.0,24.0,30.0,0.8,45.0,46.0,56.0,2604.0,27.0,2313.0,0.0,0.0,0.0,0.0,49.0,113.0,4.06,0.986,17,0.914,7,1.0,17,0.8,10,1.0,17,0.329,2
New England Patriots,2024,338.0,225.0,2276.0,15.0,10.0,54.0,421.0,2.0,87.0,66.0,621.0,3.0,68.0,43.0,589.0,3.0,38.0,28.0,305.0,1.0,207.0,801.0,7.0,41.0,33.0,168.0,1.0,120.0,538.0,1.0,29.0,23.0,206.0,0.0,97.0,66.0,674.0,2.0,59.0,45.0,476.0,3.0,3343.0,18.0,1969.0,11.0,28.0,7.0,5.0,15.0,3.0,5.0,26.0,5.0,19.0,1.0,0.0,16.0,0.0,1.0,52.0,1.0,1.0,5.0,39.0,1.5,1.0,5.0,2.0,11.0,45.0,1.0,10.0,44.0,50.0,0.0,4.0,26.0,33.0,0.788,25.0,26.0,70.0,3486.0,31.0,2920.0,0.0,0.0,0.0,0.0,52.0,66.0,4.41,0.894,15,0.877,14,1.0,10,0.95,1,0.785,4,0.303,2
New Orleans Saints,2024,279.0,189.0,2145.0,15.0,5.0,17.0,71.0,1.0,44.0,32.0,400.0,1.0,41.0,20.0,349.0,3.0,35.0,17.0,385.0,4.0,228.0,950.0,6.0,89.0,68.0,543.0,2.0,48.0,164.0,1.0,11.0,9.0,57.0,0.0,66.0,50.0,548.0,3.0,43.0,32.0,413.0,5.0,3730.0,21.0,1954.0,15.0,39.0,14.0,5.5,31.0,4.0,5.5,18.0,3.0,17.0,2.0,3.0,17.0,7.5,3.0,52.0,0.0,0.0,1.0,17.0,2.0,0.0,3.0,0.0,16.0,60.0,3.0,10.0,41.0,48.0,1.0,5.0,27.0,31.0,0.871,31.0,33.0,75.0,3303.0,41.0,3030.0,0.0,0.0,0.0,0.0,37.0,84.0,4.4,0.994,17,0.982,17,0.91,1,0.835,10,0.998,12,0.308,1
New York Giants,2024,341.0,216.0,2070.0,8.0,7.0,67.0,265.0,2.0,170.0,109.0,1204.0,7.0,140.0,93.0,699.0,3.0,71.0,39.0,573.0,2.0,192.0,839.0,5.0,53.0,38.0,284.0,1.0,113.0,437.0,4.0,24.0,21.0,119.0,0.0,43.0,29.0,331.0,1.0,17.0,14.0,125.0,0.0,3521.0,15.0,1783.0,13.0,45.0,5.0,0.0,3.0,0.0,0.0,4.0,0.0,20.0,9.0,1.0,11.0,2.0,2.0,47.0,3.0,0.0,1.0,39.0,2.0,0.0,3.0,0.0,12.0,34.0,1.0,7.0,34.0,50.0,0.0,1.0,13.0,16.0,0.812,22.0,23.0,77.0,3436.0,36.0,3102.0,0.0,0.0,0.0,0.0,48.0,94.0,4.21,1.0,6,0.938,15,1.0,17,0.957,13,0.975,15,0.289,1
New York Jets,2024,584.0,368.0,3897.0,28.0,11.0,22.0,107.0,0.0,153.0,101.0,1104.0,7.0,114.0,67.0,854.0,7.0,61.0,37.0,530.0,6.0,209.0,876.0,5.0,76.0,57.0,483.0,3.0,92.0,334.0,2.0,27.0,19.0,148.0,1.0,72.0,51.0,449.0,4.0,28.0,18.0,105.0,0.0,4016.0,31.0,1561.0,8.0,42.0,7.0,10.5,13.0,3.0,4.5,17.0,0.0,23.0,4.5,0.0,21.0,6.0,0.0,83.0,2.0,0.0,3.0,67.0,2.0,0.0,4.0,0.0,10.0,46.0,1.0,9.0,29.0,39.0,0.0,3.0,9.0,15.0,0.6,28.0,31.0,63.0,2972.0,19.0,2576.0,0.0,0.0,0.0,0.0,40.0,84.0,4.3,0.943,10,0.857,14,1.0,1,0.964,15,1.0,17,0.285,1
Philadelphia Eagles,2024,361.0,248.0,2903.0,18.0,5.0,150.0,630.0,14.0,97.0,67.0,1079.0,7.0,89.0,68.0,833.0,8.0,33.0,19.0,216.0,0.0,345.0,2005.0,13.0,43.0,33.0,278.0,2.0,75.0,290.0,1.0,22.0,16.0,116.0,0.0,52.0,42.0,496.0,2.0,30.0,24.0,298.0,1.0,3517.0,24.0,3048.0,29.0,41.0,13.0,3.5,12.0,2.0,2.5,4.0,0.0,24.0,4.5,6.0,14.0,1.0,2.0,81.0,3.5,1.0,4.0,72.0,3.0,1.0,4.0,0.0,13.0,35.0,0.0,12.0,36.0,48.0,4.0,6.0,28.0,36.0,0.778,47.0,48.0,54.0,2633.0,20.0,2314.0,0.0,0.0,0.0,0.0,45.0,87.0,4.91,0.982,12,0.909,15,0.979,16,0.921,16,0.158,9,0.324,1
Pittsburgh Steelers,2024,336.0,214.0,2482.0,16.0,5.0,43.0,155.0,2.0,103.0,59.0,900.0,3.0,58.0,36.0,548.0,4.0,40.0,24.0,276.0,2.0,263.0,1043.0,6.0,48.0,36.0,283.0,0.0,120.0,511.0,1.0,47.0,38.0,310.0,0.0,78.0,65.0,653.0,7.0,25.0,19.0,200.0,1.0,3607.0,21.0,2166.0,14.0,40.0,17.0,11.5,35.0,4.0,8.0,29.0,11.0,15.0,1.0,7.0,14.0,1.5,0.0,59.0,1.0,0.0,7.0,43.0,0.0,1.0,2.0,5.0,8.0,27.0,1.0,7.0,50.0,61.0,1.0,6.0,41.0,44.0,0.932,35.0,35.0,68.0,3161.0,28.0,2842.0,0.0,0.0,0.0,0.0,49.0,105.0,4.06,0.986,17,0.951,17,0.969,13,0.833,17,0.981,15,0.328,1
San Francisco 49ers,2024,455.0,300.0,3864.0,20.0,12.0,66.0,323.0,5.0,113.0,77.0,975.0,6.0,81.0,51.0,670.0,3.0,47.0,25.0,374.0,0.0,153.0,789.0,3.0,14.0,11.0,91.0,0.0,84.0,420.0,4.0,16.0,15.0,152.0,0.0,94.0,78.0,1106.0,8.0,14.0,11.0,97.0,1.0,4424.0,23.0,2163.0,17.0,36.0,11.0,9.0,30.0,1.0,8.5,22.0,1.0,23.0,3.0,1.0,20.0,5.0,0.0,63.0,1.0,2.0,7.0,26.0,0.0,0.0,4.0,1.0,13.0,38.0,2.0,9.0,46.0,42.0,1.0,6.0,24.0,34.0,0.706,38.0,40.0,46.0,2076.0,19.0,1795.0,0.0,0.0,0.0,0.0,36.0,80.0,4.73,0.986,17,0.978,10,0.999,17,0.934,13,0.994,17,0.286,1
Seattle Seahawks,2024,578.0,407.0,4320.0,21.0,15.0,53.0,272.0,2.0,137.0,100.0,1130.0,6.0,108.0,66.0,992.0,5.0,74.0,49.0,600.0,2.0,153.0,573.0,7.0,53.0,46.0,299.0,1.0,135.0,569.0,8.0,52.0,42.0,340.0,1.0,64.0,48.0,500.0,1.0,38.0,30.0,245.0,4.0,4379.0,21.0,1627.0,17.0,44.0,13.0,11.0,33.0,3.0,6.0,22.0,3.0,18.0,4.5,2.0,13.0,1.0,1.0,39.0,0.5,1.0,2.0,34.0,1.5,0.0,2.0,3.0,14.0,29.0,0.0,9.0,58.0,70.0,3.0,12.0,26.0,30.0,0.867,37.0,40.0,76.0,3688.0,31.0,3224.0,0.0,0.0,0.0,0.0,54.0,112.0,4.25,1.0,6,0.997,17,0.997,17,0.778,11,1.0,9,0.316,1
Tampa Bay Buccaneers,2024,570.0,407.0,4500.0,41.0,16.0,60.0,378.0,3.0,110.0,74.0,1004.0,11.0,62.0,50.0,576.0,5.0,58.0,37.0,461.0,8.0,207.0,1122.0,8.0,52.0,47.0,392.0,0.0,144.0,613.0,3.0,57.0,51.0,393.0,6.0,87.0,59.0,600.0,4.0,14.0,11.0,115.0,2.0,4505.0,41.0,2536.0,16.0,46.0,7.0,5.5,66.0,6.0,5.5,15.0,1.0,22.0,7.0,1.0,19.0,7.5,0.0,32.0,4.5,0.0,0.0,31.0,0.5,0.0,1.0,2.0,17.0,53.0,1.0,7.0,43.0,44.0,1.0,3.0,30.0,32.0,0.938,54.0,56.0,50.0,2183.0,14.0,1871.0,0.0,0.0,0.0,0.0,40.0,114.0,5.25,0.941,16,0.349,17,1.0,13,0.993,17,1.0,16,0.305,2
Tennessee Titans,2024,301.0,190.0,2091.0,13.0,12.0,45.0,183.0,0.0,120.0,64.0,1017.0,4.0,60.0,32.0,497.0,9.0,57.0,39.0,390.0,0.0,260.0,1079.0,5.0,57.0,41.0,238.0,0.0,84.0,312.0,4.0,35.0,30.0,224.0,1.0,70.0,52.0,479.0,2.0,37.0,28.0,248.0,1.0,3621.0,22.0,1855.0,11.0,32.0,11.0,6.5,21.0,1.0,1.0,10.0,2.0,36.0,5.0,4.0,16.0,2.5,1.0,51.0,3.5,1.0,2.0,33.0,9.0,0.0,4.0,0.0,5.0,31.0,1.0,4.0,14.0,42.0,5.0,9.0,21.0,22.0,0.955,28.0,28.0,73.0,3691.0,22.0,2896.0,0.0,0.0,0.0,0.0,52.0,67.0,4.12,1.0,17,1.0,6,1.0,11,0.0,5,0.945,8,0.284,1
Washington Commanders,2024,480.0,331.0,3568.0,25.0,9.0,148.0,891.0,6.0,117.0,82.0,1096.0,13.0,64.0,45.0,506.0,3.0,56.0,35.0,453.0,1.0,187.0,799.0,8.0,25.0,20.0,159.0,0.0,77.0,367.0,4.0,41.0,35.0,366.0,0.0,91.0,66.0,654.0,7.0,13.0,8.0,84.0,0.0,3932.0,29.0,2619.0,25.0,43.0,7.0,10.5,24.0,1.0,5.0,20.0,1.0,21.0,4.0,2.0,18.0,2.0,1.0,66.0,2.0,0.0,4.0,48.0,8.0,1.0,7.0,2.0,14.0,54.0,0.0,7.0,31.0,63.0,1.0,5.0,27.0,30.0,0.9,45.0,47.0,50.0,2343.0,22.0,2155.0,0.0,0.0,0.0,0.0,50.0,88.0,4.98,1.0,1,0.713,16,0.999,17,0.99,17,0.931,15,0.301,1
Arizona Cardinals,2025,485.0,315.0,3366.0,23.0,8.0,38.0,168.0,1.0,126.0,78.0,1006.0,7.0,73.0,41.0,608.0,4.0,33.0,29.0,206.0,3.0,92.0,333.0,1.0,45.0,33.0,267.0,0.0,82.0,269.0,4.0,31.0,22.0,160.0,1.0,169.0,126.0,1239.0,11.0,37.0,30.0,301.0,0.0,4354.0,29.0,1583.0,9.0,30.0,10.0,6.5,21.0,2.0,1.0,12.0,1.0,17.0,0.0,1.0,13.0,1.0,0.0,50.0,0.0,1.0,5.0,31.0,0.0,1.0,6.0,3.0,11.0,33.0,0.0,10.0,24.0,54.0,1.0,5.0,25.0,33.0,0.758,36.0,36.0,59.0,2927.0,21.0,2555.0,0.0,0.0,0.0,0.0,59.0,71.0,4.33,0.0,0,0.0,0,0.0,0,0.0,0,0.0,0,0.29,1
Atlanta Falcons,2025,276.0,166.0,1982.0,9.0,3.0,21.0,70.0,1.0,112.0,68.0,919.0,7.0,72.0,32.0,443.0,1.0,36.0,18.0,191.0,2.0,287.0,1478.0,7.0,103.0,79.0,820.0,4.0,143.0,514.0,8.0,16.0,14.0,96.0,0.0,118.0,88.0,928.0,5.0,9.0,8.0,48.0,0.0,3703.0,19.0,2138.0,17.0,57.0,16.0,10.5,17.0,5.0,8.5,12.0,0.0,28.0,1.0,0.0,11.0,3.5,1.0,57.0,3.5,1.0,6.0,36.0,1.0,0.0,7.0,3.0,13.0,55.0,0.0,12.0,49.0,57.0,5.0,11.0,19.0,22.0,0.864,31.0,33.0,64.0,2889.0,34.0,2598.0,0.0,0.0,0.0,0.0,26.0,97.0,4.48,0.971,17,0.46,1,0.989,17,0.0,0,0.0,0,0.305,1
Baltimore Ravens,2025,302.0,192.0,2549.0,21.0,7.0,67.0,349.0,2.0,118.0,86.0,1211.0,5.0,39.0,22.0,330.0,2.0,38.0,19.0,224.0,2.0,307.0,1595.0,16.0,21.0,15.0,150.0,0.0,59.0,341.0,1.0,12.0,9.0,63.0,0.0,70.0,48.0,422.0,5.0,36.0,27.0,307.0,1.0,3278.0,23.0,2662.0,23.0,30.0,11.0,2.5,6.0,1.0,0.5,7.0,0.0,17.0,5.0,2.0,15.0,1.0,1.0,74.0,0.0,0.0,3.0,44.0,0.5,0.0,1.0,3.0,14.0,57.0,4.0,13.0,52.0,59.0,0.0,9.0,30.0,34.0,0.882,44.0,46.0,53.0,2657.0,24.0,2378.0,0.0,0.0,0.0,0.0,45.0,101.0,5.25,0.999,17,0.886,16,0.995,17,0.182,5,0.992,17,0.295,1
Buffalo Bills,2025,460.0,319.0,3668.0,25.0,10.0,112.0,579.0,14.0,95.0,72.0,719.0,4.0,59.0,38.0,404.0,4.0,37.0,22.0,303.0,0.0,309.0,1621.0,12.0,40.0,33.0,291.0,2.0,58.0,275.0,0.0,13.0,10.0,86.0,2.0,49.0,36.0,417.0,4.0,49.0,39.0,571.0,5.0,3981.0,29.0,2714.0,30.0,36.0,13.0,5.0,17.0,2.0,3.5,34.0,0.0,15.0,1.0,4.0,10.0,3.0,2.0,39.0,0.0,1.0,3.0,28.0,0.0,0.0,2.0,1.0,10.0,28.0,2.0,5.0,14.0,52.0,3.0,7.0,18.0,20.0,0.9,48.0,53.0,49.0,2189.0,21.0,2011.0,0.0,0.0,0.0,0.0,40.0,92.0,4.96,0.974,15,0.96,1,0.997,17,0.981,16,0.089,15,0.289,1
Carolina Panthers,2025,478.0,304.0,3011.0,23.0,11.0,54.0,216.0,2.0,122.0,70.0,1014.0,7.0,64.0,35.0,363.0,3.0,43.0,33.0,394.0,3.0,236.0,1076.0,6.0,50.0,39.0,297.0,1.0,134.0,511.0,1.0,39.0,30.0,223.0,3.0,37.0,27.0,249.0,2.0,34.0,29.0,190.0,1.0,3304.0,24.0,1977.0,9.0,30.0,15.0,2.0,10.0,1.0,0.0,2.0,0.0,32.0,5.0,7.0,21.0,2.5,3.0,56.0,2.0,1.0,3.0,36.0,2.0,0.0,4.0,4.0,19.0,52.0,5.0,8.0,25.0,63.0,1.0,3.0,24.0,29.0,0.828,27.0,30.0,56.0,2642.0,27.0,2269.0,0.0,0.0,0.0,0.0,35.0,58.0,4.29,1.0,15,0.902,16,0.998,16,0.865,2,0.893,6,0.289,1
Chicago Bears,2025,568.0,330.0,3942.0,27.0,7.0,77.0,383.0,3.0,90.0,44.0,661.0,6.0,85.0,50.0,682.0,6.0,65.0,39.0,313.0,2.0,223.0,1087.0,9.0,48.0,34.0,299.0,1.0,169.0,783.0,5.0,30.0,18.0,164.0,0.0,82.0,58.0,713.0,6.0,48.0,30.0,347.0,2.0,3991.0,28.0,2451.0,19.0,35.0,23.0,10.0,31.0,5.0,4.5,19.0,3.0,20.0,6.0,0.0,16.0,1.0,0.0,57.0,1.0,4.0,9.0,33.0,0.5,1.0,5.0,5.0,11.0,50.0,1.0,10.0,35.0,58.0,7.0,8.0,25.0,30.0,0.833,42.0,42.0,60.0,2870.0,21.0,2424.0,0.0,0.0,0.0,0.0,24.0,84.0,4.85,0.0,0,0.0,0,0.0,0,0.0,0,0.0,0,0.313,1
Cincinnati Bengals,2025,259.0,173.0,1809.0,17.0,5.0,14.0,41.0,0.0,185.0,125.0,1412.0,8.0,98.0,59.0,846.0,11.0,58.0,33.0,435.0,2.0,232.0,1019.0,6.0,88.0,69.0,437.0,5.0,84.0,382.0,3.0,21.0,17.0,87.0,0.0,42.0,28.0,307.0,2.0,41.0,34.0,288.0,3.0,4244.0,36.0,1591.0,11.0,34.0,13.0,5.5,27.0,3.0,5.0,19.0,0.0,18.0,3.0,0.0,18.0,1.5,1.0,55.0,3.0,2.0,7.0,51.0,0.0,1.0,4.0,2.0,18.0,27.0,0.0,5.0,12.0,64.0,2.0,4.0,25.0,28.0,0.893,41.0,44.0,65.0,3285.0,28.0,2788.0,0.0,0.0,0.0,0.0,36.0,79.0,4.18,1.0,17,0.952,17,0.991,15,0.807,14,1.0,17,0.302,1
Cleveland Browns,2025,212.0,120.0,1400.0,7.0,10.0,21.0,169.0,1.0,106.0,50.0,602.0,2.0,44.0,18.0,338.0,0.0,39.0,21.0,270.0,2.0,230.0,827.0,7.0,36.0,26.0,171.0,0.0,65.0,175.0,0.0,40.0,33.0,271.0,2.0,107.0,72.0,731.0,6.0,48.0,33.0,293.0,4.0,3152.0,16.0,1649.0,10.0,53.0,11.0,23.0,40.0,1.0,5.5,18.0,1.0,26.0,0.5,4.0,14.0,6.5,0.0,61.0,2.0,3.0,8.0,58.0,2.5,2.0,3.0,1.0,12.0,32.0,1.0,9.0,27.0,51.0,2.0,7.0,24.0,27.0,0.889,25.0,26.0,91.0,4165.0,23.0,3423.0,0.0,0.0,0.0,0.0,51.0,113.0,3.92,0.873,13,0.754,8,0.998,17,0.897,13,0.965,13,0.309,1
Dallas Cowboys,2025,600.0,404.0,4552.0,30.0,10.0,53.0,177.0,2.0,137.0,93.0,1429.0,9.0,117.0,75.0,1077.0,3.0,56.0,40.0,475.0,4.0,252.0,1201.0,11.0,51.0,35.0,137.0,2.0,52.0,250.0,2.0,5.0,2.0,16.0,0.0,102.0,82.0,600.0,8.0,23.0,14.0,132.0,0.0,4735.0,31.0,2136.0,18.0,34.0,6.0,8.5,21.0,4.0,5.5,18.0,0.0,17.0,3.0,0.0,15.0,3.5,0.0,40.0,1.5,0.0,0.0,38.0,1.0,0.0,2.0,1.0,6.0,44.0,0.0,3.0,22.0,39.0,2.0,5.0,36.0,42.0,0.857,47.0,48.0,41.0,1994.0,14.0,1748.0,0.0,0.0,0.0,0.0,31.0,108.0,4.59,0.979,17,0.935,10,1.0,14,0.327,16,0.977,11,0.272,1
Denver Broncos,2025,612.0,388.0,3931.0,25.0,11.0,83.0,356.0,5.0,124.0,74.0,1017.0,7.0,104.0,65.0,709.0,6.0,51.0,37.0,322.0,1.0,153.0,772.0,4.0,14.0,11.0,37.0,0.0,146.0,540.0,7.0,58.0,47.0,356.0,5.0,76.0,50.0,461.0,1.0,23.0,20.0,195.0,1.0,3931.0,25.0,2018.0,18.0,68.0,10.0,7.5,12.0,0.0,7.0,13.0,6.0,20.0,3.0,1.0,15.0,3.5,0.0,52.0,1.0,0.0,4.0,30.0,14.0,0.0,1.0,1.0,19.0,57.0,1.0,12.0,37.0,67.0,0.0,11.0,28.0,32.0,0.875,39.0,39.0,75.0,3573.0,30.0,3085.0,0.0,0.0,0.0,0.0,23.0,164.0,4.43,0.989,17,0.986,17,0.97,17,0.865,8,0.996,15,0.309,1
Detroit Lions,2025,578.0,393.0,4564.0,34.0,8.0,19.0,45.0,0.0,172.0,117.0,1401.0,11.0,102.0,65.0,1117.0,7.0,30.0,24.0,289.0,1.0,243.0,1223.0,13.0,94.0,77.0,616.0,5.0,158.0,716.0,8.0,29.0,24.0,192.0,0.0,49.0,40.0,489.0,3.0,22.0,14.0,108.0,2.0,4567.0,35.0,2041.0,21.0,48.0,13.0,14.5,35.0,3.0,1.5,7.0,1.0,11.0,0.0,0.0,11.0,2.0,1.0,87.0,5.0,0.0,4.0,52.0,2.5,1.0,9.0,1.0,12.0,42.0,0.0,9.0,26.0,26.0,1.0,5.0,27.0,34.0,0.794,54.0,56.0,56.0,2611.0,28.0,2398.0,0.0,0.0,0.0,0.0,39.0,102.0,4.62,0.973,16,0.971,14,0.34,13,0.0,0,0.057,7,0.308,1
Green Bay Packers,2025,439.0,291.0,3381.0,23.0,6.0,47.0,199.0,0.0,85.0,55.0,724.0,6.0,55.0,35.0,611.0,6.0,46.0,30.0,332.0,2.0,234.0,929.0,13.0,44.0,36.0,282.0,1.0,125.0,496.0,3.0,17.0,15.0,99.0,0.0,44.0,32.0,489.0,6.0,31.0,24.0,252.0,0.0,3845.0,26.0,2037.0,18.0,36.0,7.0,1.5,7.0,0.0,1.0,2.0,0.0,15.0,4.0,2.0,7.0,0.5,1.0,61.0,0.5,0.0,4.0,54.0,2.5,0.0,5.0,0.0,2.0,14.0,0.0,0.0,2.0,52.0,2.0,10.0,24.0,30.0,0.8,39.0,42.0,49.0,2533.0,18.0,2151.0,0.0,0.0,0.0,0.0,29.0,105.0,4.14,0.928,17,0.705,17,1.0,1,0.825,15,0.933,9,0.301,1
Houston Texans,2025,423.0,273.0,3041.0,19.0,8.0,48.0,209.0,1.0,120.0,71.0,1117.0,6.0,68.0,41.0,525.0,6.0,57.0,35.0,428.0,3.0,196.0,703.0,2.0,36.0,24.0,208.0,3.0,122.0,506.0,3.0,20.0,13.0,67.0,0.0,106.0,82.0,777.0,3.0,16.0,12.0,76.0,0.0,3956.0,24.0,1852.0,9.0,47.0,19.0,15.0,28.0,3.0,12.0,31.0,3.0,25.0,1.5,4.0,14.0,3.0,0.0,48.0,0.0,2.0,9.0,42.0,2.5,0.0,4.0,4.0,17.0,57.0,4.0,15.0,26.0,43.0,4.0,10.0,44.0,48.0,0.917,30.0,30.0,72.0,3424.0,30.0,2998.0,0.0,0.0,0.0,0.0,31.0,95.0,3.9,0.993,7,0.988,16,0.976,14,0.436,10,0.982,16,0.331,1
Indianapolis Colts,2025,384.0,261.0,3101.0,19.0,8.0,45.0,164.0,5.0,111.0,80.0,784.0,7.0,88.0,58.0,566.0,4.0,84.0,47.0,1003.0,6.0,323.0,1585.0,18.0,55.0,46.0,378.0,2.0,26.0,96.0,0.0,2.0,0.0,0.0,0.0,112.0,76.0,817.0,4.0,20.0,13.0,117.0,1.0,4085.0,25.0,2007.0,27.0,39.0,14.0,8.5,25.0,5.0,4.0,14.0,1.0,30.0,4.0,0.0,21.0,0.5,4.0,56.0,0.0,1.0,8.0,13.0,0.5,0.0,0.0,0.0,7.0,17.0,1.0,6.0,34.0,70.0,1.0,5.0,13.0,14.0,0.929,42.0,45.0,44.0,2146.0,22.0,1966.0,0.0,0.0,0.0,0.0,29.0,98.0,4.54,0.972,16,0.925,13,0.996,16,0.968,17,0.918,16,0.294,1
Jacksonville Jaguars,2025,560.0,341.0,4007.0,29.0,12.0,82.0,359.0,9.0,95.0,58.0,847.0,5.0,91.0,48.0,707.0,2.0,61.0,42.0,483.0,3.0,260.0,1107.0,7.0,52.0,36.0,292.0,6.0,83.0,307.0,5.0,14.0,10.0,79.0,2.0,60.0,46.0,540.0,3.0,19.0,9.0,111.0,0.0,4026.0,29.0,1956.0,22.0,32.0,22.0,8.0,26.0,3.0,5.5,13.0,0.0,13.0,1.0,0.0,4.0,1.0,1.0,68.0,1.0,1.0,11.0,33.0,1.5,5.0,7.0,2.0,12.0,43.0,2.0,10.0,20.0,43.0,1.0,9.0,30.0,34.0,0.882,50.0,51.0,60.0,2878.0,22.0,2580.0,0.0,0.0,0.0,0.0,41.0,95.0,4.0,0.0,0,0.0,0,0.0,0,0.0,0,0.0,0,0.322,1
Kansas City Chiefs,2025,502.0,315.0,3587.0,22.0,11.0,64.0,422.0,5.0,78.0,53.0,571.0,5.0,74.0,49.0,587.0,5.0,73.0,42.0,532.0,1.0,163.0,611.0,8.0,25.0,18.0,143.0,1.0,118.0,462.0,1.0,26.0,19.0,101.0,1.0,108.0,76.0,851.0,5.0,37.0,21.0,178.0,0.0,3947.0,23.0,1812.0,15.0,33.0,10.0,7.0,13.0,2.0,6.0,23.0,2.0,10.0,0.0,0.0,8.0,1.5,0.0,69.0,1.0,1.0,6.0,52.0,2.0,0.0,1.0,1.0,7.0,45.0,0.0,7.0,29.0,49.0,0.0,6.0,33.0,38.0,0.868,31.0,35.0,56.0,2664.0,25.0,2313.0,0.0,0.0,0.0,0.0,47.0,103.0,4.21,0.981,17,0.934,8,0.882,12,0.0,0,0.985,17,0.308,1
Las Vegas Raiders,2025,448.0,302.0,3025.0,19.0,17.0,41.0,109.0,0.0,92.0,57.0,696.0,5.0,49.0,33.0,352.0,0.0,34.0,22.0,221.0,1.0,266.0,975.0,5.0,73.0,55.0,346.0,5.0,22.0,104.0,0.0,12.0,12.0,70.0,0.0,86.0,64.0,680.0,7.0,50.0,35.0,328.0,1.0,3315.0,20.0,1317.0,5.0,36.0,8.0,10.0,42.0,6.0,4.5,13.0,0.0,21.0,4.0,5.0,19.0,1.0,0.0,90.0,2.5,1.0,3.0,28.0,1.0,0.0,0.0,3.0,6.0,31.0,0.0,5.0,33.0,64.0,0.0,2.0,22.0,27.0,0.815,21.0,22.0,72.0,3409.0,24.0,2929.0,0.0,0.0,0.0,0.0,64.0,82.0,3.57,0.999,17,0.995,4,0.966,15,0.892,6,0.844,13,0.294,1
Los Angeles Chargers,2025,512.0,340.0,3727.0,26.0,13.0,83.0,498.0,2.0,122.0,81.0,777.0,4.0,106.0,66.0,789.0,6.0,84.0,51.0,735.0,8.0,155.0,643.0,3.0,22.0,16.0,136.0,1.0,124.0,545.0,4.0,35.0,32.0,192.0,1.0,69.0,49.0,664.0,3.0,16.0,11.0,97.0,0.0,3953.0,26.0,2067.0,10.0,45.0,19.0,5.5,19.0,0.0,2.0,9.0,1.0,27.0,6.0,0.0,22.0,0.0,4.0,52.0,3.5,2.0,5.0,32.0,13.0,0.0,3.0,4.0,12.0,16.0,1.0,11.0,37.0,49.0,3.0,7.0,38.0,41.0,0.927,34.0,35.0,60.0,2871.0,23.0,2486.0,0.0,0.0,0.0,0.0,60.0,91.0,4.44,0.75,6,0.739,10,1.0,1,0.941,17,0.983,16,0.338,2
Los Angeles Rams,2025,597.0,388.0,4707.0,46.0,8.0,29.0,1.0,0.0,166.0,129.0,1715.0,10.0,114.0,60.0,789.0,14.0,25.0,18.0,171.0,0.0,259.0,1252.0,10.0,50.0,36.0,281.0,3.0,145.0,746.0,6.0,14.0,8.0,36.0,0.0,56.0,43.0,408.0,8.0,36.0,25.0,281.0,3.0,4707.0,46.0,2152.0,17.0,47.0,16.0,7.5,31.0,1.0,7.0,23.0,3.0,17.0,2.0,1.0,10.0,3.0,1.0,62.0,2.5,1.0,6.0,44.0,12.0,0.0,0.0,3.0,18.0,32.0,1.0,8.0,17.0,75.0,2.0,5.0,12.0,13.0,0.923,62.0,65.0,50.0,2315.0,20.0,1899.0,0.0,0.0,0.0,0.0,23.0,117.0,4.63,0.0,0,0.0,0,0.0,0,0.0,0,0.0,0,0.342,2
Miami Dolphins,2025,384.0,260.0,2660.0,20.0,15.0,20.0,43.0,0.0,100.0,64.0,910.0,6.0,65.0,46.0,317.0,3.0,29.0,21.0,265.0,1.0,238.0,1350.0,8.0,85.0,67.0,488.0,4.0,70.0,288.0,2.0,9.0,5.0,44.0,0.0,34.0,24.0,283.0,6.0,33.0,26.0,335.0,1.0,3322.0,23.0,2044.0,14.0,39.0,9.0,8.5,24.0,0.0,5.5,28.0,1.0,15.0,2.0,1.0,7.0,0.0,0.0,96.0,3.5,0.0,3.0,70.0,5.0,1.0,3.0,2.0,13.0,33.0,1.0,6.0,49.0,57.0,1.0,6.0,27.0,29.0,0.931,34.0,35.0,63.0,3005.0,21.0,2686.0,0.0,0.0,0.0,0.0,38.0,79.0,4.73,0.992,17,0.94,1,0.0,0,0.0,0,0.0,0,0.292,1
Minnesota Vikings,2025,243.0,140.0,1632.0,11.0,12.0,37.0,181.0,4.0,141.0,84.0,1048.0,2.0,79.0,42.0,610.0,3.0,53.0,29.0,444.0,4.0,159.0,758.0,6.0,16.0,14.0,51.0,0.0,132.0,548.0,2.0,41.0,28.0,199.0,1.0,66.0,51.0,438.0,3.0,19.0,15.0,160.0,4.0,3208.0,18.0,1841.0,15.0,49.0,8.0,7.0,25.0,10.0,3.5,28.0,0.0,30.0,6.0,5.0,18.0,3.5,0.0,60.0,2.0,0.0,2.0,56.0,6.5,0.0,0.0,2.0,7.0,48.0,1.0,4.0,46.0,40.0,2.0,6.0,33.0,35.0,0.943,31.0,31.0,65.0,3184.0,25.0,2893.0,0.0,0.0,0.0,0.0,60.0,98.0,4.49,0.899,14,0.81,10,0.988,17,0.588,17,0.738,8,0.298,1
New England Patriots,2025,492.0,354.0,4394.0,31.0,8.0,103.0,450.0,4.0,102.0,85.0,1013.0,4.0,65.0,46.0,550.0,2.0,46.0,33.0,551.0,6.0,180.0,911.0,9.0,42.0,35.0,221.0,1.0,130.0,603.0,7.0,37.0,32.0,345.0,2.0,87.0,60.0,768.0,7.0,26.0,21.0,263.0,2.0,4459.0,31.0,2191.0,22.0,34.0,10.0,0.0,1.0,0.0,0.0,0.0,0.0,15.0,2.0,0.0,12.0,3.5,1.0,47.0,1.0,2.0,5.0,41.0,1.0,0.0,4.0,3.0,11.0,44.0,0.0,10.0,38.0,44.0,4.0,6.0,27.0,32.0,0.844,53.0,55.0,51.0,2416.0,21.0,2071.0,0.0,0.0,0.0,0.0,48.0,88.0,4.44,0.945,17,0.935,13,0.0,0,0.0,0,0.979,17,0.318,1
New Orleans Saints,2025,327.0,221.0,2384.0,10.0,6.0,45.0,186.0,3.0,156.0,100.0,1163.0,9.0,66.0,44.0,499.0,2.0,39.0,25.0,293.0,2.0,131.0,471.0,1.0,39.0,33.0,186.0,0.0,57.0,206.0,2.0,19.0,17.0,104.0,0.0,102.0,77.0,889.0,3.0,16.0,11.0,91.0,0.0,4027.0,19.0,1603.0,9.0,44.0,10.0,10.0,21.0,4.0,6.0,32.0,4.0,14.0,0.0,0.0,14.0,2.5,3.0,49.0,2.0,0.0,5.0,29.0,10.5,0.0,2.0,3.0,17.0,58.0,2.0,11.0,58.0,45.0,2.0,6.0,18.0,26.0,0.692,28.0,28.0,56.0,2511.0,18.0,2163.0,0.0,0.0,0.0,0.0,49.0,84.0,3.69,1.0,6,0.966,13,0.394,7,0.173,15,0.964,7,0.304,1
New York Giants,2025,339.0,216.0,2272.0,15.0,5.0,86.0,487.0,9.0,140.0,92.0,1014.0,4.0,63.0,37.0,538.0,1.0,35.0,18.0,271.0,2.0,176.0,740.0,2.0,48.0,36.0,288.0,2.0,119.0,437.0,5.0,19.0,18.0,151.0,0.0,74.0,45.0,528.0,5.0,26.0,19.0,286.0,2.0,3703.0,21.0,2195.0,22.0,38.0,9.0,1.0,12.0,0.0,1.0,2.0,0.0,13.0,0.5,4.0,9.0,3.5,1.0,75.0,1.0,2.0,6.0,39.0,16.5,0.0,7.0,1.0,11.0,25.0,1.0,8.0,55.0,60.0,1.0,5.0,9.0,10.0,0.9,36.0,41.0,59.0,2627.0,17.0,2179.0,0.0,0.0,0.0,0.0,48.0,96.0,4.3,0.906,13,0.0,0,1.0,17,1.0,16,0.909,13,0.287,1
New York Jets,2025,204.0,128.0,1259.0,7.0,1.0,71.0,383.0,4.0,59.0,36.0,395.0,4.0,58.0,24.0,301.0,2.0,44.0,29.0,256.0,2.0,243.0,1065.0,4.0,48.0,36.0,350.0,1.0,43.0,236.0,1.0,28.0,21.0,186.0,0.0,65.0,44.0,369.0,1.0,29.0,23.0,179.0,1.0,2784.0,15.0,2096.0,11.0,26.0,0.0,8.0,17.0,0.0,4.0,18.0,0.0,22.0,0.5,1.0,16.0,1.0,0.0,68.0,2.0,0.0,8.0,43.0,3.5,0.0,7.0,0.0,9.0,46.0,0.0,7.0,13.0,56.0,0.0,3.0,28.0,29.0,0.966,22.0,22.0,71.0,3317.0,32.0,3064.0,0.0,0.0,0.0,0.0,60.0,58.0,4.6,0.999,17,0.0,0,0.0,0,0.0,0,1.0,17,0.268,1
Philadelphia Eagles,2025,454.0,294.0,3224.0,25.0,6.0,105.0,421.0,8.0,121.0,78.0,1003.0,7.0,113.0,77.0,1008.0,4.0,36.0,18.0,262.0,1.0,280.0,1140.0,7.0,50.0,37.0,273.0,2.0,58.0,344.0,2.0,4.0,3.0,32.0,0.0,82.0,60.0,591.0,11.0,13.0,9.0,76.0,1.0,3498.0,26.0,1988.0,17.0,42.0,12.0,3.0,4.0,0.0,1.5,3.0,0.0,32.0,4.5,6.0,19.0,3.0,7.0,63.0,3.5,2.0,7.0,42.0,0.0,1.0,3.0,0.0,17.0,35.0,2.0,16.0,63.0,53.0,1.0,4.0,20.0,27.0,0.741,41.0,42.0,72.0,3591.0,20.0,3081.0,0.0,0.0,0.0,0.0,35.0,105.0,4.16,0.984,16,0.8,1,0.899,15,0.0,0,0.917,14,0.336,2
Pittsburgh Steelers,2025,498.0,327.0,3322.0,24.0,7.0,21.0,61.0,1.0,99.0,59.0,850.0,6.0,55.0,31.0,372.0,3.0,21.0,10.0,80.0,1.0,211.0,958.0,6.0,45.0,40.0,333.0,2.0,114.0,537.0,5.0,85.0,73.0,486.0,3.0,54.0,38.0,222.0,2.0,54.0,41.0,486.0,4.0,3632.0,26.0,1756.0,16.0,48.0,15.0,7.0,21.0,8.0,3.5,36.0,6.0,25.0,5.5,1.0,11.0,3.0,1.0,74.0,2.0,1.0,2.0,55.0,1.0,0.0,4.0,1.0,14.0,34.0,1.0,11.0,14.0,29.0,0.0,3.0,27.0,32.0,0.844,42.0,43.0,62.0,2823.0,26.0,2588.0,0.0,0.0,0.0,0.0,31.0,112.0,4.31,1.0,17,0.971,11,1.0,17,0.917,14,0.938,17,0.318,1
San Francisco 49ers,2025,289.0,201.0,2151.0,13.0,6.0,36.0,60.0,0.0,90.0,55.0,643.0,9.0,53.0,37.0,551.0,0.0,53.0,36.0,528.0,0.0,311.0,1202.0,10.0,129.0,102.0,924.0,7.0,92.0,400.0,2.0,12.0,8.0,25.0,0.0,69.0,57.0,628.0,7.0,46.0,34.0,293.0,5.0,4318.0,33.0,1817.0,15.0,20.0,6.0,4.0,13.0,0.0,4.0,13.0,1.0,23.0,3.0,0.0,11.0,1.0,0.0,64.0,0.0,1.0,5.0,37.0,1.0,0.0,4.0,0.0,10.0,36.0,2.0,5.0,36.0,43.0,2.0,6.0,28.0,29.0,0.966,40.0,44.0,44.0,1919.0,22.0,1618.0,0.0,0.0,0.0,0.0,27.0,58.0,3.78,1.0,1,0.925,16,0.0,0,0.0,0,0.0,0,0.293,1
Seattle Seahawks,2025,477.0,323.0,4048.0,25.0,14.0,35.0,95.0,0.0,163.0,119.0,1793.0,10.0,70.0,47.0,593.0,2.0,26.0,15.0,188.0,0.0,221.0,1027.0,5.0,36.0,31.0,282.0,0.0,184.0,730.0,12.0,24.0,20.0,144.0,0.0,68.0,52.0,519.0,6.0,26.0,15.0,179.0,1.0,4063.0,25.0,2096.0,19.0,47.0,18.0,7.0,32.0,1.0,2.0,11.0,5.0,21.0,7.0,0.0,11.0,2.5,0.0,58.0,0.5,5.0,7.0,45.0,3.5,1.0,8.0,1.0,12.0,32.0,1.0,12.0,39.0,55.0,1.0,11.0,41.0,48.0,0.854,48.0,48.0,52.0,2548.0,20.0,2193.0,0.0,0.0,0.0,0.0,27.0,122.0,4.13,0.997,17,0.952,14,0.989,17,0.976,17,0.912,13,0.334,1
Tampa Bay Buccaneers,2025,543.0,343.0,3693.0,26.0,11.0,55.0,382.0,1.0,127.0,63.0,938.0,6.0,62.0,30.0,368.0,3.0,53.0,39.0,371.0,1.0,173.0,588.0,1.0,35.0,30.0,277.0,3.0,132.0,572.0,4.0,45.0,40.0,218.0,0.0,81.0,59.0,572.0,1.0,4.0,1.0,11.0,0.0,3755.0,26.0,1947.0,13.0,37.0,13.0,3.5,59.0,3.0,2.5,18.0,1.0,15.0,4.5,2.0,11.0,2.0,0.0,61.0,3.0,1.0,5.0,27.0,7.0,0.0,1.0,3.0,9.0,38.0,2.0,7.0,50.0,53.0,2.0,8.0,32.0,38.0,0.842,32.0,33.0,63.0,2815.0,29.0,2530.0,0.0,0.0,0.0,0.0,38.0,90.0,4.12,0.993,12,0.915,11,1.0,2,0.951,11,1.0,17,0.312,1
Tennessee Titans,2025,540.0,323.0,3169.0,15.0,7.0,39.0,159.0,2.0,89.0,41.0,515.0,4.0,74.0,48.0,423.0,4.0,52.0,29.0,350.0,1.0,242.0,1082.0,5.0,41.0,33.0,206.0,0.0,72.0,283.0,2.0,50.0,45.0,264.0,0.0,79.0,56.0,560.0,2.0,55.0,44.0,357.0,2.0,3241.0,15.0,1589.0,9.0,42.0,6.0,4.5,12.0,0.0,4.5,13.0,0.0,37.0,11.0,3.0,18.0,2.0,0.0,94.0,1.0,0.0,4.0,34.0,1.0,3.0,11.0,0.0,7.0,38.0,0.0,5.0,17.0,58.0,0.0,8.0,28.0,35.0,0.8,27.0,28.0,78.0,3653.0,22.0,3147.0,0.0,0.0,0.0,0.0,56.0,98.0,4.2,0.984,13,0.954,16,0.916,16,0.052,12,0.992,15,0.301,1
Washington Commanders,2025,227.0,139.0,1695.0,10.0,7.0,50.0,297.0,1.0,99.0,72.0,727.0,5.0,60.0,38.0,582.0,3.0,32.0,16.0,225.0,0.0,175.0,805.0,8.0,13.0,9.0,68.0,0.0,112.0,500.0,6.0,4.0,3.0,30.0,0.0,72.0,50.0,504.0,4.0,16.0,11.0,103.0,1.0,3329.0,19.0,2290.0,20.0,42.0,8.0,9.0,16.0,0.0,5.5,17.0,1.0,24.0,0.0,0.0,20.0,5.0,1.0,75.0,4.5,2.0,4.0,40.0,3.0,0.0,6.0,4.0,12.0,50.0,1.0,7.0,15.0,52.0,0.0,3.0,13.0,19.0,0.684,33.0,34.0,56.0,2651.0,29.0,2457.0,0.0,0.0,0.0,0.0,37.0,94.0,4.73,1.0,17,0.968,9,0.892,17,0.379,16,0.956,16,0.282,2
